building_id,inject,week,max_psi,state,retrained,mae_retrain,mae_frozen,mae_naive,skill_retrain,skill_frozen,psi_load_lag_1,psi_load_lag_24,psi_load_roll_mean_24,psi_airTemperature_lag1,psi_dewTemperature_lag1
Bobcat_education_Angela,False,2017-01-01,10.030671865058284,alert,False,16.523272841710984,16.523272841710984,36.048826686507944,0.458358131469926,0.458358131469926,2.371244562100464,2.1843066087980345,1.6954389994837933,10.030671865058284,7.294997657136449
Bobcat_education_Angela,False,2017-01-08,8.900842277853187,alert,False,1.330737237118311,1.330737237118311,12.368075148809526,0.1075945303620183,0.1075945303620183,7.543605603991285,7.527370493120038,8.900842277853187,7.810605820898893,3.979577693101874
Bobcat_education_Angela,False,2017-01-15,9.449358362361073,alert,False,0.4333610218501688,0.4333610218501688,0.0,,,7.543605603991285,7.527370493120038,8.900842277853187,9.449358362361073,6.72005541286592
Bobcat_education_Angela,False,2017-01-22,9.354155274817495,alert,False,0.8612324656705106,0.8612324656705106,0.0,,,7.543605603991285,7.527370493120038,8.900842277853187,9.354155274817495,6.750670855617162
Bobcat_education_Angela,False,2017-01-29,8.082068027276064,alert,True,33.02402865013042,33.02402865013042,63.693358085317456,0.5184846527622963,0.5184846527622963,5.509805260321053,5.122448626873468,1.3353452722458252,8.082068027276064,5.393251376497545
Bobcat_education_Angela,False,2017-02-05,9.416963708679049,alert,False,14.978824446480989,13.29802068545507,38.8784466765873,0.3852732227468664,0.3420409461333539,7.43879924287607,7.492557968631093,9.416963708679049,5.757305517620946,2.8148047094051414
Bobcat_education_Angela,False,2017-02-12,10.82964613941902,alert,False,11.818773343094792,12.719428864282294,11.086677827380951,1.0660338044554492,1.1472714425658612,8.985429106741247,9.01960929658934,10.82964613941902,5.400826598409553,2.952862009598903
Bobcat_education_Angela,False,2017-02-19,10.85516937604388,alert,False,11.183180328145555,11.104733422058152,12.424098685515876,0.9001200498498139,0.8938059575302753,8.807376234464869,10.579625413402905,10.85516937604388,4.139629659266435,2.9926275088822134
Bobcat_education_Angela,False,2017-02-26,6.915584531686346,alert,True,7.145693274082778,8.165258799579656,22.734458085317467,0.3143111327864754,0.3591578373646391,3.669301627843754,3.91634669140044,4.50018980419841,4.2226745937055385,6.915584531686346
Bobcat_education_Angela,False,2017-03-05,8.900842277853187,alert,False,0.994525438312172,1.1274536585187325,12.440316592261908,0.0799437402526221,0.0906290165653845,7.543605603991285,7.527370493120038,8.900842277853187,3.9021735442626015,1.7555092096720897
Bobcat_education_Angela,False,2017-03-12,3.9543512614191503,alert,False,13.691037125747272,15.799311562026558,23.93527683531746,0.5720024556200494,0.6600847640380763,3.9543512614191503,3.937595914448035,2.0843914827589485,3.610542233987927,3.2075620851068485
Bobcat_education_Angela,False,2017-03-19,9.799439543215204,alert,False,15.715151893945464,21.72537819230463,42.303881522817456,0.371482505345737,0.5135551965978963,8.542255355247878,9.28385132869165,9.799439543215204,2.683144973286218,3.4018014647636665
Bobcat_education_Angela,False,2017-03-26,11.471949631554592,alert,True,6.555552438509842,9.84712356384535,22.900498214285715,0.2862624374879485,0.4299960407718357,9.552516636466528,9.590577620526537,11.471949631554592,5.465132149859921,3.829322181058096
Bobcat_education_Angela,False,2017-04-02,9.65481694487957,alert,False,8.93987452258371,12.109130635994156,5.40969494047619,1.6525653703121332,2.2384128438355613,8.5000948307766,9.58170067680156,9.65481694487957,2.8409914816790445,1.7042839260563871
Bobcat_education_Angela,False,2017-04-09,10.834309764167209,alert,False,8.41679771098633,13.861524035471865,9.119437524801588,0.9229514088007807,1.5199976969822435,9.996856991414123,9.988368561414026,10.834309764167209,2.749633114750721,4.200493331523493
Bobcat_education_Angela,False,2017-04-16,12.762174989963492,alert,False,7.006249554442143,13.714293820971616,5.947889905753968,1.1779386749684662,2.3057410339260747,10.080840062619334,10.116122918008925,12.762174989963492,4.921697347314495,0.603117336214294
Bobcat_education_Angela,False,2017-04-23,10.861768810476311,alert,True,11.0815434259817,13.8759360250635,9.504448834325396,1.1659322512169894,1.4599411567086815,6.913809706827645,6.944830033700175,10.861768810476311,5.507699569865268,2.4968947418196006
Bobcat_education_Angela,False,2017-04-30,9.527542930909153,alert,False,11.535387286505156,15.025145590208208,14.130562524801588,0.8163431049725409,1.063308383076503,2.3015425592106906,4.054833467241667,9.527542930909153,2.329708224886115,2.81707552093285
Bobcat_education_Angela,False,2017-05-07,7.134001439241975,alert,False,11.76584283611259,12.678814540973931,16.875358209325398,0.69722033098004,0.751321209523574,2.115065791478731,1.29542006696541,7.134001439241975,3.772063000349554,1.594315203459778
Bobcat_education_Angela,False,2017-05-14,6.283484382155749,alert,False,5.849845760427551,5.999340299424355,14.834204538690477,0.3943484630517276,0.4044261546870891,4.292047735328284,4.232573616404766,6.283484382155749,3.927024092417842,1.7674783181307072
Bobcat_education_Angela,False,2017-05-21,3.932260107799861,alert,True,18.190181134072844,17.498687523153336,21.695612599206346,0.838426711893734,0.8065542027512724,0.1495944203202104,0.220562684983533,1.5292710082866343,3.932260107799861,0.747012586381727
Bobcat_education_Angela,False,2017-05-28,5.659574806676335,alert,False,15.508638586941776,16.858612423460727,24.096728397817465,0.6435993438987532,0.6996224609888402,0.9549571794714322,0.6772903682066448,5.659574806676335,4.901467832230982,2.744226768665479
Bobcat_education_Angela,False,2017-06-04,8.24421868228037,alert,False,18.081911857387382,18.667132737213784,23.284869568452383,0.776551992452891,0.8016850892093911,1.0594691473122224,1.4299252975858503,8.24421868228037,5.288338012675618,1.4778309058538088
Bobcat_education_Angela,False,2017-06-11,4.711366735165295,alert,False,11.231780825001632,11.2412239551596,30.94960391865079,0.362905478678296,0.3632105917964731,0.1380908311733285,0.1075515124389273,2.6652328995563157,4.711366735165295,1.1986950603718438
Bobcat_education_Angela,False,2017-06-18,9.304980059607256,alert,True,19.520152731708315,19.965266256788375,33.36010687003968,0.5851345982718998,0.5984772870952325,0.6289062459039134,0.6160669211639282,9.304980059607256,6.32271163793468,3.732119665975598
Bobcat_education_Angela,False,2017-06-25,11.332659186679308,alert,False,21.07221687379684,24.08765623050483,17.06540972222222,1.2347911486916745,1.4114900622127102,1.8510486765372864,1.0053443379459697,11.332659186679308,7.350440217836009,1.5958505938865215
Bobcat_education_Angela,False,2017-07-02,10.858377863546544,alert,False,34.69985121697553,38.48791110865966,36.11167048611111,0.9609040720041302,1.0658025671635012,9.349881527836938,8.015024185262336,10.858377863546544,9.071414405790266,3.8717360984034848
Bobcat_education_Angela,False,2017-07-09,10.828267811979885,alert,False,28.295841042350123,30.96421548714347,32.33087782738095,0.8751955698025136,0.9577288823540676,1.8674563251874896,2.950043213506136,10.828267811979885,9.08007795221472,4.765347036994178
Bobcat_education_Angela,False,2017-07-16,11.49919493539477,alert,True,28.8624721488034,30.658751529459572,31.818436185515875,0.9070990158197006,0.963553059324009,3.2554061810324724,2.5397292486377214,11.49919493539477,9.259625527891696,8.216118776395533
Bobcat_education_Angela,False,2017-07-23,10.85546385639192,alert,False,12.29226499882366,26.972375783408214,22.62983732638889,0.5431883942218851,1.1918943735382244,9.079703032881469,9.15494584364519,10.85546385639192,7.671260106314308,8.24067814314152
Bobcat_education_Angela,False,2017-07-30,11.092762058797607,alert,False,13.426924819192502,33.982386379992256,13.080694270833334,1.0264688204762322,2.5979038785245865,9.406816622167865,9.298035606786248,11.092762058797607,9.009019935123057,3.058693785208098
Bobcat_education_Angela,False,2017-08-06,9.607794928278604,alert,False,13.47332497248346,25.65280626743027,26.235445262896825,0.513554271233885,0.9777919151122416,8.88526905856083,8.887526232462552,9.607794928278604,7.566583216126615,5.755740602353478
Bobcat_education_Angela,False,2017-08-13,7.959632261678479,alert,True,13.4108105001239,18.985688302153452,20.062318526785713,0.6684576601761549,0.9463357027656188,0.8370679637949224,1.0822831613816852,7.959632261678479,7.309260948718261,3.5960626614246274
Bobcat_education_Angela,False,2017-08-20,10.935768087583517,alert,False,13.92420487000465,17.60255855668787,19.12120811011905,0.7282073805072956,0.9205777404500136,0.6838050094363289,0.5907562167086509,10.935768087583517,7.659663758298933,7.620700384980326
Bobcat_education_Angela,False,2017-08-27,12.764895207170248,alert,False,16.831240797381973,20.498160777793025,14.108683779761906,1.192970305389183,1.4528754841891387,0.910148138851631,0.9778487025796404,12.764895207170248,7.592616340797854,4.159702447773176
Bobcat_education_Angela,False,2017-09-03,11.420245537960891,alert,False,10.1790936235831,18.129481381510356,18.21430513392857,0.5588516031073876,0.9953430146363252,1.3703935494128083,1.3835682775843157,11.420245537960891,7.548475607089708,4.9991167381644
Bobcat_education_Angela,False,2017-09-10,5.55735760878626,alert,True,9.057979158865374,12.12367157331554,23.09317857142857,0.3922361372146544,0.5249892965499013,0.3860670074723059,0.6731911973563024,5.55735760878626,3.977612945153021,3.71462204337789
Bobcat_education_Angela,False,2017-09-17,4.687879022991641,alert,False,7.615137150403043,8.350047201847904,25.25075414186508,0.3015805828063308,0.3306850621147884,1.358438546293844,1.3603590521499471,3.764923327725272,2.776557466248639,4.687879022991641
Bobcat_education_Angela,False,2017-09-24,8.16827495229795,alert,False,12.152802838336832,12.2098712392721,16.797043973214286,0.7235084255132345,0.7269059519486163,0.6294108895793602,0.7753372268438123,8.16827495229795,5.091886835022717,4.599724911875808
Bobcat_education_Angela,False,2017-10-01,6.202751195899502,alert,False,7.426909257600659,7.537806231633768,15.92411341765873,0.4663938935127613,0.473357984456131,1.4946232302323328,2.578615855186073,6.202751195899502,3.8920932529315775,2.7100802140903437
Bobcat_education_Angela,False,2017-10-08,5.433222227607995,alert,True,6.350207942649631,6.388818982628449,9.506827628968251,0.6679628778899823,0.6720242789677894,3.662975426188974,2.51847962288259,5.433222227607995,5.046039404074261,4.4257772677111955
Bobcat_education_Angela,False,2017-10-15,7.868690425786086,alert,False,7.645981884670451,7.876256076718102,10.672603199404762,0.7164120825832714,0.7379882798563504,2.6663247858615664,2.6421998110178007,7.868690425786086,2.7535682052824453,3.2839127659997356
Bobcat_education_Angela,False,2017-10-22,9.706377049424772,alert,False,8.723622705577423,8.893432788614897,11.045712078373011,0.7897745879740853,0.8051479819058313,2.817662072589524,3.8144709281983338,9.706377049424772,5.1100521632227105,3.1600374690302884
Bobcat_education_Angela,False,2017-10-29,9.60355811245153,alert,False,5.8276437989885865,5.917428448083796,10.833139856150792,0.5379459580852538,0.5462339198661803,3.874408601047967,2.7957923662042203,9.60355811245153,5.104474236670859,1.2960945195505738
Bobcat_education_Angela,False,2017-11-05,5.640882759497877,alert,True,10.348471662412644,11.194647692115147,14.239423784722224,0.7267479231509169,0.7861728017482084,2.602354941299783,2.6005551886090696,4.423435465728005,5.640882759497877,2.6831167242835328
Bobcat_education_Angela,False,2017-11-12,3.964945556112612,alert,False,12.282817396699857,13.209962622246124,18.471336011904757,0.664966377569202,0.7151601061088552,2.4800056110905393,2.728774477626644,3.3175300534439014,3.964945556112612,1.6569140708693384
Bobcat_education_Angela,False,2017-11-19,8.039694283199577,alert,False,11.02305702882219,14.079372296063648,22.516182762896825,0.4895615364690713,0.6253001427606223,3.065026835005532,3.0789064486911597,8.039694283199577,4.143702702931101,2.181765186415527
Bobcat_education_Angela,False,2017-11-26,7.127400845318457,alert,False,9.184134838422445,10.530978498568077,12.296499851190475,0.7468901678987366,0.8564208210475868,3.2723465530768543,3.185425725865837,7.127400845318457,5.2066708937715305,4.03802038479412
Bobcat_education_Angela,False,2017-12-03,9.5094185386309,alert,True,8.87574762962898,11.195508548129125,15.762329737103174,0.5630987155874699,0.710269911545871,3.960785325211328,4.350346038363822,9.5094185386309,5.04651801762329,6.144824771446476
Bobcat_education_Angela,False,2017-12-10,10.920747056706256,alert,False,5.307437227423015,5.531257476112288,10.48026297123016,0.5064221424588963,0.5277785005296519,5.799406850293771,5.6612684691001585,10.920747056706256,8.38203028726777,6.886485832671635
Bobcat_education_Angela,False,2017-12-17,9.562857180710784,alert,False,6.209035976823945,9.03226882618081,14.512253720238094,0.4278478103070318,0.6223891202773584,4.60727300056881,3.936255009244793,9.562857180710784,6.711271279153383,6.543968100751913
Bobcat_education_Angela,False,2017-12-24,11.215628828880767,alert,False,6.072014398594129,11.6189185142565,7.890261086309524,0.769558108682835,1.4725645181015126,11.162347539090888,11.215628828880767,11.129315099648885,6.6472114745704545,6.67620116558575
Bobcat_education_Angela,True,2017-01-01,10.030671865058284,alert,False,16.523272841710984,16.523272841710984,36.048826686507944,0.458358131469926,0.458358131469926,2.371244562100464,2.1843066087980345,1.6954389994837933,10.030671865058284,7.294997657136449
Bobcat_education_Angela,True,2017-01-08,8.900842277853187,alert,False,1.330737237118311,1.330737237118311,12.368075148809526,0.1075945303620183,0.1075945303620183,7.543605603991285,7.527370493120038,8.900842277853187,7.810605820898893,3.979577693101874
Bobcat_education_Angela,True,2017-01-15,9.449358362361073,alert,False,0.4333610218501688,0.4333610218501688,0.0,,,7.543605603991285,7.527370493120038,8.900842277853187,9.449358362361073,6.72005541286592
Bobcat_education_Angela,True,2017-01-22,9.354155274817495,alert,False,0.8612324656705106,0.8612324656705106,0.0,,,7.543605603991285,7.527370493120038,8.900842277853187,9.354155274817495,6.750670855617162
Bobcat_education_Angela,True,2017-01-29,8.082068027276064,alert,True,33.02402865013042,33.02402865013042,63.693358085317456,0.5184846527622963,0.5184846527622963,5.509805260321053,5.122448626873468,1.3353452722458252,8.082068027276064,5.393251376497545
Bobcat_education_Angela,True,2017-02-05,9.416963708679049,alert,False,14.978824446480989,13.29802068545507,38.8784466765873,0.3852732227468664,0.3420409461333539,7.43879924287607,7.492557968631093,9.416963708679049,5.757305517620946,2.8148047094051414
Bobcat_education_Angela,True,2017-02-12,10.82964613941902,alert,False,11.818773343094792,12.719428864282294,11.086677827380951,1.0660338044554492,1.1472714425658612,8.985429106741247,9.01960929658934,10.82964613941902,5.400826598409553,2.952862009598903
Bobcat_education_Angela,True,2017-02-19,10.85516937604388,alert,False,11.183180328145555,11.104733422058152,12.424098685515876,0.9001200498498139,0.8938059575302753,8.807376234464869,10.579625413402905,10.85516937604388,4.139629659266435,2.9926275088822134
Bobcat_education_Angela,True,2017-02-26,6.915584531686346,alert,True,7.145693274082778,8.165258799579656,22.734458085317467,0.3143111327864754,0.3591578373646391,3.669301627843754,3.91634669140044,4.50018980419841,4.2226745937055385,6.915584531686346
Bobcat_education_Angela,True,2017-03-05,8.900842277853187,alert,False,0.994525438312172,1.1274536585187325,12.440316592261908,0.0799437402526221,0.0906290165653845,7.543605603991285,7.527370493120038,8.900842277853187,3.9021735442626015,1.7555092096720897
Bobcat_education_Angela,True,2017-03-12,3.9543512614191503,alert,False,13.691037125747272,15.799311562026558,23.93527683531746,0.5720024556200494,0.6600847640380763,3.9543512614191503,3.937595914448035,2.0843914827589485,3.610542233987927,3.2075620851068485
Bobcat_education_Angela,True,2017-03-19,9.799439543215204,alert,False,15.715151893945464,21.72537819230463,42.303881522817456,0.371482505345737,0.5135551965978963,8.542255355247878,9.28385132869165,9.799439543215204,2.683144973286218,3.4018014647636665
Bobcat_education_Angela,True,2017-03-26,11.471949631554592,alert,True,6.555552438509842,9.84712356384535,22.900498214285715,0.2862624374879485,0.4299960407718357,9.552516636466528,9.590577620526537,11.471949631554592,5.465132149859921,3.829322181058096
Bobcat_education_Angela,True,2017-04-02,9.65481694487957,alert,False,8.93987452258371,12.109130635994156,5.40969494047619,1.6525653703121332,2.2384128438355613,8.5000948307766,9.58170067680156,9.65481694487957,2.8409914816790445,1.7042839260563871
Bobcat_education_Angela,True,2017-04-09,10.834309764167209,alert,False,8.41679771098633,13.861524035471865,9.119437524801588,0.9229514088007807,1.5199976969822435,9.996856991414123,9.988368561414026,10.834309764167209,2.749633114750721,4.200493331523493
Bobcat_education_Angela,True,2017-04-16,12.762174989963492,alert,False,7.006249554442143,13.714293820971616,5.947889905753968,1.1779386749684662,2.3057410339260747,10.080840062619334,10.116122918008925,12.762174989963492,4.921697347314495,0.603117336214294
Bobcat_education_Angela,True,2017-04-23,10.861768810476311,alert,True,11.0815434259817,13.8759360250635,9.504448834325396,1.1659322512169894,1.4599411567086815,6.913809706827645,6.944830033700175,10.861768810476311,5.507699569865268,2.4968947418196006
Bobcat_education_Angela,True,2017-04-30,9.527542930909153,alert,False,11.535387286505156,15.025145590208208,14.130562524801588,0.8163431049725409,1.063308383076503,2.3015425592106906,4.054833467241667,9.527542930909153,2.329708224886115,2.81707552093285
Bobcat_education_Angela,True,2017-05-07,7.134001439241975,alert,False,11.76584283611259,12.678814540973931,16.875358209325398,0.69722033098004,0.751321209523574,2.115065791478731,1.29542006696541,7.134001439241975,3.772063000349554,1.594315203459778
Bobcat_education_Angela,True,2017-05-14,6.283484382155749,alert,False,5.849845760427551,5.999340299424355,14.834204538690477,0.3943484630517276,0.4044261546870891,4.292047735328284,4.232573616404766,6.283484382155749,3.927024092417842,1.7674783181307072
Bobcat_education_Angela,True,2017-05-21,3.932260107799861,alert,True,18.190181134072844,17.498687523153336,21.695612599206346,0.838426711893734,0.8065542027512724,0.1495944203202104,0.220562684983533,1.5292710082866343,3.932260107799861,0.747012586381727
Bobcat_education_Angela,True,2017-05-28,5.659574806676335,alert,False,15.508638586941776,16.858612423460727,24.096728397817465,0.6435993438987532,0.6996224609888402,0.9549571794714322,0.6772903682066448,5.659574806676335,4.901467832230982,2.744226768665479
Bobcat_education_Angela,True,2017-06-04,8.24421868228037,alert,False,18.081911857387382,18.667132737213784,23.284869568452383,0.776551992452891,0.8016850892093911,1.0594691473122224,1.4299252975858503,8.24421868228037,5.288338012675618,1.4778309058538088
Bobcat_education_Angela,True,2017-06-11,4.711366735165295,alert,False,11.231780825001632,11.2412239551596,30.94960391865079,0.362905478678296,0.3632105917964731,0.1380908311733285,0.1075515124389273,2.6652328995563157,4.711366735165295,1.1986950603718438
Bobcat_education_Angela,True,2017-06-18,9.304980059607256,alert,True,19.520152731708315,19.965266256788375,33.36010687003968,0.5851345982718998,0.5984772870952325,0.6289062459039134,0.6160669211639282,9.304980059607256,6.32271163793468,3.732119665975598
Bobcat_education_Angela,True,2017-06-25,10.331505796321135,alert,False,28.110881742378503,31.046592116774725,24.756580133928573,1.1354913154524484,1.254074349074805,1.908065828183858,1.0053443379459697,10.331505796321135,7.350440217836009,1.5958505938865215
Bobcat_education_Angela,True,2017-07-02,12.762174989963492,alert,False,70.95676532631629,72.52360638226097,81.15871042162699,0.8742963627402326,0.8936022517545453,11.501131370568991,9.810291473154194,12.762174989963492,9.071414405790266,3.8717360984034848
Bobcat_education_Angela,True,2017-07-09,12.762174989963492,alert,False,61.11419121419045,62.59845778777464,51.443017857142856,1.1879977839539744,1.2168504180997004,3.701636549323184,5.284309972503876,12.762174989963492,9.08007795221472,4.765347036994178
Bobcat_education_Angela,True,2017-07-16,12.762174989963492,alert,True,62.80165885393637,63.68439140777475,50.91303654761905,1.2335084118425714,1.2508464575317684,5.045342115588057,4.352650139663035,12.762174989963492,9.259625527891696,8.216118776395533
Bobcat_education_Angela,True,2017-07-23,12.762174989963492,alert,False,25.906480308992187,56.686960890899634,37.35270861111111,0.6935636335964649,1.5176131262951371,11.273242893327389,11.302433777994136,12.762174989963492,7.671260106314308,8.24067814314152
Bobcat_education_Angela,True,2017-07-30,12.762174989963492,alert,False,18.28686286172603,66.37245605722113,20.84689595238095,0.8771983562203879,3.1838052153582437,11.453277042676216,11.336068561976516,12.762174989963492,9.009019935123057,3.058693785208098
Bobcat_education_Angela,True,2017-08-06,10.956196875818389,alert,False,26.245686634819496,44.92320437552667,41.932844960317475,0.6258980677236833,1.071313058249186,9.537943692191895,9.554186252757304,10.956196875818389,7.566583216126615,5.755740602353478
Bobcat_education_Angela,True,2017-08-13,8.041126304679498,alert,True,32.14659689923408,41.20206150451891,31.46244142857143,1.021745148805946,1.3095633915778326,2.496364586624507,2.7933434364255008,8.041126304679498,7.309260948718261,3.5960626614246274
Bobcat_education_Angela,True,2017-08-20,11.040976972847613,alert,False,33.50696116611279,42.91709733834491,31.357173809523808,1.0685580712613854,1.368653233835446,2.428317028905304,2.2731306672011287,11.040976972847613,7.659663758298933,7.620700384980326
Bobcat_education_Angela,True,2017-08-27,12.762174989963492,alert,False,39.94927821884364,47.79772025784071,22.308061984126983,1.7908000366535215,2.1426209184755973,2.656485538855967,2.72471588029933,12.762174989963492,7.592616340797854,4.159702447773176
Bobcat_education_Angela,True,2017-09-03,11.49919493539477,alert,False,37.10240107305309,51.07277662243077,28.928322460317464,1.2825631739949126,1.7654938924471009,3.4756929086752475,3.638440627468509,11.49919493539477,7.548475607089708,4.9991167381644
Bobcat_education_Angela,True,2017-09-10,5.753401557254379,alert,True,28.26634543860849,34.02604187786174,36.62180952380953,0.7718445867681997,0.929119623533071,2.102502513054261,2.494583779028093,5.753401557254379,3.977612945153021,3.71462204337789
Bobcat_education_Angela,True,2017-09-17,4.687879022991641,alert,False,15.597378326955267,16.124068353929854,40.94337349206349,0.380950004766429,0.3938138697109402,1.8779361896090263,1.8581934066022072,2.810626532094445,2.776557466248639,4.687879022991641
Bobcat_education_Angela,True,2017-09-24,7.988668910398816,alert,False,20.533023436721955,21.18164036390501,26.82734543650794,0.7653766372568354,0.789554091888645,2.323198781997883,2.411075193108926,7.988668910398816,5.091886835022717,4.599724911875808
Bobcat_education_Angela,True,2017-10-01,8.17742673049451,alert,False,12.915336341481092,13.018512715235838,25.77813,0.5010191329425793,0.5050216099940468,2.226487707614538,3.229054558788651,8.17742673049451,3.8920932529315775,2.7100802140903437
Bobcat_education_Angela,True,2017-10-08,6.655772203945461,alert,True,11.012689863505631,10.596427545185517,15.051141825396826,0.7316846782297384,0.704028150695214,3.209282115379583,2.1658701190855423,6.655772203945461,5.046039404074261,4.4257772677111955
Bobcat_education_Angela,True,2017-10-15,6.713724555525599,alert,False,16.333319108772088,18.073251760445416,17.28288567460318,0.945057406285661,1.0457311412412835,2.3845579726895103,2.3940518908958066,6.713724555525599,2.7535682052824453,3.2839127659997356
Bobcat_education_Angela,True,2017-10-22,8.436954252998177,alert,False,15.153167530826416,15.98765820106368,17.496816785714287,0.8660528207164286,0.9137466772880196,3.8840613693650097,3.6835755123500022,8.436954252998177,5.1100521632227105,3.1600374690302884
Bobcat_education_Angela,True,2017-10-29,9.477130536362614,alert,False,9.230620825272444,9.88138658103462,17.38453674603175,0.5309673165366029,0.568400914294721,3.697937702815184,3.7128346306260465,9.477130536362614,5.104474236670859,1.2960945195505738
Bobcat_education_Angela,True,2017-11-05,5.640882759497877,alert,True,16.45599697022077,18.4863418556589,22.06732031746032,0.7457179545810235,0.8377248161405424,2.3178885829964955,2.3234224392060128,5.374401678399762,5.640882759497877,2.6831167242835328
Bobcat_education_Angela,True,2017-11-12,3.964945556112612,alert,False,19.39223641902515,21.051466134475543,29.830242936507936,0.650086439466835,0.7057088398268312,2.4119329741522946,2.5397477229221357,2.276711512155073,3.964945556112612,1.6569140708693384
Bobcat_education_Angela,True,2017-11-19,8.492651871159802,alert,False,18.57913892285045,23.704179829272185,36.16190428571428,0.5137765637577366,0.6555014260860288,8.492651871159802,8.45935667012556,7.974840577143381,4.143702702931101,2.181765186415527
Bobcat_education_Angela,True,2017-11-26,7.028892202933448,alert,False,14.358519859031732,16.533541344528476,19.896092976190474,0.7216753498395128,0.8309943748410333,3.3933071833174866,3.368970921741629,7.028892202933448,5.2066708937715305,4.03802038479412
Bobcat_education_Angela,True,2017-12-03,8.506119366606708,alert,True,12.47124529673098,15.815434261759258,25.00180654761905,0.4988137666363406,0.6325716596373464,8.433144478760543,8.506119366606708,8.206273693015875,5.04651801762329,6.144824771446476
Bobcat_education_Angela,True,2017-12-10,9.759130643833942,alert,False,8.252293848282475,9.749631512620644,17.095025357142863,0.4827307170289979,0.5703198040912486,5.951543717724753,6.006781013611766,9.759130643833942,8.38203028726777,6.886485832671635
Bobcat_education_Angela,True,2017-12-17,9.733164712011018,alert,False,9.1379708000795,14.370035407054075,22.817965000000004,0.4004726451320044,0.6297684919340562,9.032071879586724,8.966388582454835,9.733164712011018,6.711271279153383,6.543968100751913
Bobcat_education_Angela,True,2017-12-24,10.862096218866442,alert,False,11.01798922920141,16.059143952145035,13.15853757936508,0.8373262729803326,1.220435314736542,10.46282715591068,10.475578555999158,10.862096218866442,6.6472114745704545,6.67620116558575
Bobcat_other_Howard,False,2017-01-01,10.030671865058284,alert,False,27.538342723725684,27.538342723725684,59.34921599702381,0.4640051643665629,0.4640051643665629,2.4758663719745955,2.0343902964015355,5.654316558612642,10.030671865058284,7.294997657136449
Bobcat_other_Howard,False,2017-01-08,12.43249610339454,alert,False,3.4887202785364377,3.4887202785364377,14.045286433531745,0.2483908245692633,0.2483908245692633,10.496556337361884,10.497383442406337,12.43249610339454,7.810605820898893,3.979577693101874
Bobcat_other_Howard,False,2017-01-15,12.43249610339454,alert,False,2.110717632539114,2.110717632539114,0.0,,,10.496556337361884,10.497383442406337,12.43249610339454,9.449358362361073,6.72005541286592
Bobcat_other_Howard,False,2017-01-22,12.43249610339454,alert,False,3.908021825507727,3.908021825507727,0.0,,,10.496556337361884,10.497383442406337,12.43249610339454,9.354155274817495,6.750670855617162
Bobcat_other_Howard,False,2017-01-29,8.082068027276064,alert,True,26.021401690027172,26.021401690027172,46.172027678571425,0.5635750257964907,0.5635750257964907,2.6127398380283826,2.6373335344176803,6.555712274813943,8.082068027276064,5.393251376497545
Bobcat_other_Howard,False,2017-02-05,10.534320238509435,alert,False,21.573312147399474,22.418632947058985,40.16915153769841,0.5370616834451457,0.5581057126889843,3.6211813388514575,5.355105275817239,10.534320238509435,5.757305517620946,2.8148047094051414
Bobcat_other_Howard,False,2017-02-12,11.317911731549836,alert,False,16.83668695838709,16.83005384627152,22.905756101190477,0.7350417460138782,0.7347521632519617,3.0212718377352226,2.9318459765112967,11.317911731549836,5.400826598409553,2.952862009598903
Bobcat_other_Howard,False,2017-02-19,10.68497004130099,alert,False,22.880041080187688,23.3431122564517,26.479055381944445,0.864080713989108,0.8815689200291079,1.8984533400349413,2.179370723020855,10.68497004130099,4.139629659266435,2.9926275088822134
Bobcat_other_Howard,False,2017-02-26,6.915584531686346,alert,True,19.551653851575193,22.122729459982963,31.466663194444447,0.6213450002867513,0.7030529205870425,2.8087281309816836,1.6952664121044112,6.770021429773952,4.2226745937055385,6.915584531686346
Bobcat_other_Howard,False,2017-03-05,12.43249610339454,alert,False,4.185348308246362,6.7222139344124745,21.336400868055556,0.1961599959678571,0.3150584756999406,10.496556337361884,10.497383442406337,12.43249610339454,3.9021735442626015,1.7555092096720897
Bobcat_other_Howard,False,2017-03-12,4.9135599758249295,alert,False,38.88715582274093,36.74873349302654,21.454309027777775,1.812556898122057,1.7128835725003515,2.994193550075547,3.521484761826002,4.9135599758249295,3.610542233987927,3.2075620851068485
Bobcat_other_Howard,False,2017-03-19,3.4018014647636665,alert,False,59.4591021609364,60.733972263741826,76.289528125,0.7793874680088854,0.7960984129332865,1.1685788083335218,1.155560665478495,2.9876930286706274,2.683144973286218,3.4018014647636665
Bobcat_other_Howard,False,2017-03-26,9.03294370555874,alert,True,15.891484543597723,17.429754273080324,56.08229985119048,0.2833600723537444,0.3107888642107878,4.649309714479519,4.657555553109547,9.03294370555874,5.465132149859921,3.829322181058096
Bobcat_other_Howard,False,2017-04-02,6.372375578862361,alert,False,99.26163760679462,101.11480517077402,105.58878529265874,0.94007746496631,0.957628264124033,3.267917170442399,3.3364551682991466,6.372375578862361,2.8409914816790445,1.7042839260563871
Bobcat_other_Howard,False,2017-04-09,4.820720159128235,alert,False,202.30148236027088,206.16764020350297,186.97016884920637,1.081998714583338,1.1026766541018616,1.1434490077872024,1.183877220866603,4.820720159128235,2.749633114750721,4.200493331523493
Bobcat_other_Howard,False,2017-04-16,12.43249610339454,alert,False,251.57079893451697,253.09700252438608,235.11443020833337,1.0699930187679323,1.076484341263607,4.568710642179064,4.471055598694587,12.43249610339454,4.921697347314495,0.603117336214294
Bobcat_other_Howard,False,2017-04-23,5.507699569865268,alert,True,31.88834607131966,32.10936365619977,274.5016938988095,0.1161681212906277,0.1169732805657525,2.3868378707763265,1.3742953457468787,4.562717136137201,5.507699569865268,2.4968947418196006
Bobcat_other_Howard,False,2017-04-30,3.948905542331445,alert,False,98.38304263739992,99.89057837184048,91.56443531746032,1.0744678574852673,1.0909320635846531,0.9600257993107186,1.0032778692382436,3.948905542331445,2.329708224886115,2.81707552093285
Bobcat_other_Howard,False,2017-05-07,7.715918006532516,alert,False,58.45203372454786,60.261106153318245,94.7020636904762,0.6172202742655348,0.6363230515258398,0.9042251919976148,0.8921199237939061,7.715918006532516,3.772063000349554,1.594315203459778
Bobcat_other_Howard,False,2017-05-14,6.16647292343554,alert,False,37.55059026392425,38.23420494096934,43.978100843253955,0.8538474728083749,0.8693919066046777,2.3591497264041275,2.375969466501362,6.16647292343554,3.927024092417842,1.7674783181307072
Bobcat_other_Howard,False,2017-05-21,3.932260107799861,alert,True,73.80100693728508,76.95597806779617,65.00902356150793,1.1352425077952242,1.18377378788015,2.7479179400914955,2.7526255297737796,2.777321266954919,3.932260107799861,0.747012586381727
Bobcat_other_Howard,False,2017-05-28,6.453739743118242,alert,False,65.29942990685035,69.37258953605885,74.50562911706349,0.8764361925493128,0.931105345437194,2.812551018136185,2.791630754644704,6.453739743118242,4.901467832230982,2.744226768665479
Bobcat_other_Howard,False,2017-06-04,6.271700211325056,alert,False,87.6571486991931,91.28983877493212,92.14163826884922,0.9513304771446396,0.99075554212058,1.1712707611148825,1.1794249030124977,6.271700211325056,5.288338012675618,1.4778309058538088
Bobcat_other_Howard,False,2017-06-11,6.585005854540942,alert,False,90.1863270220208,96.15721395113124,125.06509625496032,0.721115081046794,0.7688573137552556,0.9755935744074044,1.0133260570224416,6.585005854540942,4.711366735165295,1.1986950603718438
Bobcat_other_Howard,False,2017-06-18,6.32271163793468,alert,True,124.24694003479358,129.75148298190527,85.26198501984128,1.45723724360722,1.5217975860134016,2.827507269580077,2.8295342176013767,5.741600626824056,6.32271163793468,3.732119665975598
Bobcat_other_Howard,False,2017-06-25,7.350440217836009,alert,False,134.3170212545608,149.87091606109416,139.69048586309523,0.961533066655658,1.0728784794118071,2.8989113539509215,2.88016410211216,5.836508127031368,7.350440217836009,1.5958505938865215
Bobcat_other_Howard,False,2017-07-02,9.071414405790266,alert,False,142.5730714187879,147.58292082205247,168.83449990079365,0.844454607930033,0.8741277458621993,3.315000830642293,3.2008227312023347,6.591308180481792,9.071414405790266,3.8717360984034848
Bobcat_other_Howard,False,2017-07-09,9.435580368995382,alert,False,231.09196581500865,233.6952519611973,301.73976185515875,0.765865142844308,0.7744927301738105,2.304606573571899,2.50466085015512,9.435580368995382,9.08007795221472,4.765347036994178
Bobcat_other_Howard,False,2017-07-16,9.259625527891696,alert,True,122.43896681616204,134.36218965451556,283.63539965277783,0.4316773116686068,0.4737144581353375,2.668975836592904,2.3877883928803305,9.152458024419897,9.259625527891696,8.216118776395533
Bobcat_other_Howard,False,2017-07-23,8.96409285979308,alert,False,117.3977699454208,128.3782963793077,110.07191684027777,1.0665551515358216,1.1663128985533504,4.848072501911053,4.849305956830411,8.96409285979308,7.671260106314308,8.24067814314152
Bobcat_other_Howard,False,2017-07-30,9.009019935123057,alert,False,110.8608713853923,113.26907714498742,106.74861312003968,1.0385228261535198,1.0610824237839551,5.926296207555033,5.91446798559353,8.969485763615536,9.009019935123057,3.058693785208098
Bobcat_other_Howard,False,2017-08-06,8.98013163392183,alert,False,109.80288960379792,118.74472953374072,111.2009812748016,0.987427344120744,1.067838864122043,4.863589187100115,4.897031938422645,8.98013163392183,7.566583216126615,5.755740602353478
Bobcat_other_Howard,False,2017-08-13,9.187359312279828,alert,True,141.73260255204133,154.58266528209666,159.9245297123016,0.8862467990808734,0.9665975917527176,1.8816734432477056,2.033104879459328,9.187359312279828,7.309260948718261,3.5960626614246274
Bobcat_other_Howard,False,2017-08-20,7.659663758298933,alert,False,77.30982988482916,90.05162828351666,145.15925266617063,0.5325863041098875,0.6203643696803297,2.014358416502607,1.9772658740223183,6.496151662473122,7.659663758298933,7.620700384980326
Bobcat_other_Howard,False,2017-08-27,8.054196061105756,alert,False,56.839983413443306,58.38650167465352,63.33373175843254,0.8974677764171913,0.9218863321894762,1.8657407809840991,1.8762332484051245,8.054196061105756,7.592616340797854,4.159702447773176
Bobcat_other_Howard,False,2017-09-03,10.588170333970524,alert,False,50.72671886816469,49.952218956333525,46.1550314360119,1.0990506839647776,1.08227028348114,1.3000814466960195,2.1731567267916874,10.588170333970524,7.548475607089708,4.9991167381644
Bobcat_other_Howard,False,2017-09-10,5.424533451125989,alert,True,98.55280054916524,102.08042473435896,92.79099368799604,1.062094462319726,1.1001113435383405,0.93304922188296,1.094224383526759,5.424533451125989,3.977612945153021,3.71462204337789
Bobcat_other_Howard,False,2017-09-17,4.687879022991641,alert,False,73.5721849967838,77.31625710124338,128.04675533234126,0.5745728176073619,0.603812700295072,1.7921893495579808,0.7535204242166441,3.953655743126921,2.776557466248639,4.687879022991641
Bobcat_other_Howard,False,2017-09-24,5.091886835022717,alert,False,93.29859275412132,99.11095875455824,117.37233033234126,0.7948942692877032,0.8444150207627665,1.88109131989649,2.136114868673415,4.137527406776361,5.091886835022717,4.599724911875808
Bobcat_other_Howard,False,2017-10-01,3.905930010380872,alert,False,86.48706191484777,81.5770087025575,115.1945787202381,0.7507910778066259,0.708167082243303,1.4666400934631043,1.3199130828373482,3.905930010380872,3.8920932529315775,2.7100802140903437
Bobcat_other_Howard,False,2017-10-08,5.046039404074261,alert,True,63.85935733911918,54.72592321113604,78.92341252480158,0.8091307166812061,0.6934054352241611,4.322214081434168,2.5058841861118535,4.564803188988915,5.046039404074261,4.4257772677111955
Bobcat_other_Howard,False,2017-10-15,4.38096943289168,alert,False,78.4651273669208,76.24503596825178,75.92134518849205,1.03350549403614,1.004263501640495,3.044568628740731,3.0481546787981837,4.38096943289168,2.7535682052824453,3.2839127659997356
Bobcat_other_Howard,False,2017-10-22,5.1100521632227105,alert,False,79.48403854256067,71.50981133685002,95.31886822916664,0.8338751814747137,0.7502167479047838,2.88654808581964,3.087688505006094,3.893723683224756,5.1100521632227105,3.1600374690302884
Bobcat_other_Howard,False,2017-10-29,5.377593635929256,alert,False,53.5176116225524,52.72054989335459,63.02711217757937,0.849120478053415,0.8364741469482853,3.315334457475807,3.030633255471201,5.377593635929256,5.104474236670859,1.2960945195505738
Bobcat_other_Howard,False,2017-11-05,9.652370191182635,alert,True,20.39259918392005,19.922832264755172,33.22103120039682,0.6138460621799261,0.599705413855943,4.070648996025421,4.057670651925748,9.652370191182635,5.640882759497877,2.6831167242835328
Bobcat_other_Howard,False,2017-11-12,9.100368685599282,alert,False,24.391948770359623,22.10305458819475,22.261944419642855,1.0956791693737835,0.9928627154729616,4.353192771421149,4.494400801966054,9.100368685599282,3.964945556112612,1.6569140708693384
Bobcat_other_Howard,False,2017-11-19,9.388194484591011,alert,False,24.85165906522737,22.81374373374848,17.835641666666668,1.3933706187691053,1.279109782542081,4.797237056085402,4.523959580614642,9.388194484591011,4.143702702931101,2.181765186415527
Bobcat_other_Howard,False,2017-11-26,8.942148413735499,alert,False,17.140104944079372,16.738340572675817,20.01101708829365,0.8565334219871439,0.8364562630086237,5.3362167827557645,5.282029829119291,8.942148413735499,5.2066708937715305,4.03802038479412
Bobcat_other_Howard,False,2017-12-03,7.789673901944382,alert,True,19.544383371233604,20.76348867503409,28.052507490079364,0.6967071794970693,0.7401651592955458,5.446892030425458,5.337639704828738,7.789673901944382,5.04651801762329,6.144824771446476
Bobcat_other_Howard,False,2017-12-10,8.93465904111731,alert,False,17.835930581941305,20.62428795135727,26.4579640625,0.6741233202905785,0.7795115263834285,5.4273760231213455,5.471048117952464,8.93465904111731,8.38203028726777,6.886485832671635
Bobcat_other_Howard,False,2017-12-17,7.844992081638384,alert,False,26.376750197055745,26.774169877399785,37.23502085813492,0.7083855356910076,0.7190588123854992,4.558429889373464,4.439109213614642,7.844992081638384,6.711271279153383,6.543968100751913
Bobcat_other_Howard,False,2017-12-24,6.677605182611463,alert,False,39.66205950500637,41.70536685411053,42.96724861111112,0.9230765475346252,0.970631543843506,4.462109212398974,4.899072517917028,6.677605182611463,6.6472114745704545,6.67620116558575
Bobcat_other_Howard,True,2017-01-01,10.030671865058284,alert,False,27.538342723725684,27.538342723725684,59.34921599702381,0.4640051643665629,0.4640051643665629,2.4758663719745955,2.0343902964015355,5.654316558612642,10.030671865058284,7.294997657136449
Bobcat_other_Howard,True,2017-01-08,12.43249610339454,alert,False,3.4887202785364377,3.4887202785364377,14.045286433531745,0.2483908245692633,0.2483908245692633,10.496556337361884,10.497383442406337,12.43249610339454,7.810605820898893,3.979577693101874
Bobcat_other_Howard,True,2017-01-15,12.43249610339454,alert,False,2.110717632539114,2.110717632539114,0.0,,,10.496556337361884,10.497383442406337,12.43249610339454,9.449358362361073,6.72005541286592
Bobcat_other_Howard,True,2017-01-22,12.43249610339454,alert,False,3.908021825507727,3.908021825507727,0.0,,,10.496556337361884,10.497383442406337,12.43249610339454,9.354155274817495,6.750670855617162
Bobcat_other_Howard,True,2017-01-29,8.082068027276064,alert,True,26.021401690027172,26.021401690027172,46.172027678571425,0.5635750257964907,0.5635750257964907,2.6127398380283826,2.6373335344176803,6.555712274813943,8.082068027276064,5.393251376497545
Bobcat_other_Howard,True,2017-02-05,10.534320238509435,alert,False,21.573312147399474,22.418632947058985,40.16915153769841,0.5370616834451457,0.5581057126889843,3.6211813388514575,5.355105275817239,10.534320238509435,5.757305517620946,2.8148047094051414
Bobcat_other_Howard,True,2017-02-12,11.317911731549836,alert,False,16.83668695838709,16.83005384627152,22.905756101190477,0.7350417460138782,0.7347521632519617,3.0212718377352226,2.9318459765112967,11.317911731549836,5.400826598409553,2.952862009598903
Bobcat_other_Howard,True,2017-02-19,10.68497004130099,alert,False,22.880041080187688,23.3431122564517,26.479055381944445,0.864080713989108,0.8815689200291079,1.8984533400349413,2.179370723020855,10.68497004130099,4.139629659266435,2.9926275088822134
Bobcat_other_Howard,True,2017-02-26,6.915584531686346,alert,True,19.551653851575193,22.122729459982963,31.466663194444447,0.6213450002867513,0.7030529205870425,2.8087281309816836,1.6952664121044112,6.770021429773952,4.2226745937055385,6.915584531686346
Bobcat_other_Howard,True,2017-03-05,12.43249610339454,alert,False,4.185348308246362,6.7222139344124745,21.336400868055556,0.1961599959678571,0.3150584756999406,10.496556337361884,10.497383442406337,12.43249610339454,3.9021735442626015,1.7555092096720897
Bobcat_other_Howard,True,2017-03-12,4.9135599758249295,alert,False,38.88715582274093,36.74873349302654,21.454309027777775,1.812556898122057,1.7128835725003515,2.994193550075547,3.521484761826002,4.9135599758249295,3.610542233987927,3.2075620851068485
Bobcat_other_Howard,True,2017-03-19,3.4018014647636665,alert,False,59.4591021609364,60.733972263741826,76.289528125,0.7793874680088854,0.7960984129332865,1.1685788083335218,1.155560665478495,2.9876930286706274,2.683144973286218,3.4018014647636665
Bobcat_other_Howard,True,2017-03-26,9.03294370555874,alert,True,15.891484543597723,17.429754273080324,56.08229985119048,0.2833600723537444,0.3107888642107878,4.649309714479519,4.657555553109547,9.03294370555874,5.465132149859921,3.829322181058096
Bobcat_other_Howard,True,2017-04-02,6.372375578862361,alert,False,99.26163760679462,101.11480517077402,105.58878529265874,0.94007746496631,0.957628264124033,3.267917170442399,3.3364551682991466,6.372375578862361,2.8409914816790445,1.7042839260563871
Bobcat_other_Howard,True,2017-04-09,4.820720159128235,alert,False,202.30148236027088,206.16764020350297,186.97016884920637,1.081998714583338,1.1026766541018616,1.1434490077872024,1.183877220866603,4.820720159128235,2.749633114750721,4.200493331523493
Bobcat_other_Howard,True,2017-04-16,12.43249610339454,alert,False,251.57079893451697,253.09700252438608,235.11443020833337,1.0699930187679323,1.076484341263607,4.568710642179064,4.471055598694587,12.43249610339454,4.921697347314495,0.603117336214294
Bobcat_other_Howard,True,2017-04-23,5.507699569865268,alert,True,31.88834607131966,32.10936365619977,274.5016938988095,0.1161681212906277,0.1169732805657525,2.3868378707763265,1.3742953457468787,4.562717136137201,5.507699569865268,2.4968947418196006
Bobcat_other_Howard,True,2017-04-30,3.948905542331445,alert,False,98.38304263739992,99.89057837184048,91.56443531746032,1.0744678574852673,1.0909320635846531,0.9600257993107186,1.0032778692382436,3.948905542331445,2.329708224886115,2.81707552093285
Bobcat_other_Howard,True,2017-05-07,7.715918006532516,alert,False,58.45203372454786,60.261106153318245,94.7020636904762,0.6172202742655348,0.6363230515258398,0.9042251919976148,0.8921199237939061,7.715918006532516,3.772063000349554,1.594315203459778
Bobcat_other_Howard,True,2017-05-14,6.16647292343554,alert,False,37.55059026392425,38.23420494096934,43.978100843253955,0.8538474728083749,0.8693919066046777,2.3591497264041275,2.375969466501362,6.16647292343554,3.927024092417842,1.7674783181307072
Bobcat_other_Howard,True,2017-05-21,3.932260107799861,alert,True,73.80100693728508,76.95597806779617,65.00902356150793,1.1352425077952242,1.18377378788015,2.7479179400914955,2.7526255297737796,2.777321266954919,3.932260107799861,0.747012586381727
Bobcat_other_Howard,True,2017-05-28,6.453739743118242,alert,False,65.29942990685035,69.37258953605885,74.50562911706349,0.8764361925493128,0.931105345437194,2.812551018136185,2.791630754644704,6.453739743118242,4.901467832230982,2.744226768665479
Bobcat_other_Howard,True,2017-06-04,6.271700211325056,alert,False,87.6571486991931,91.28983877493212,92.14163826884922,0.9513304771446396,0.99075554212058,1.1712707611148825,1.1794249030124977,6.271700211325056,5.288338012675618,1.4778309058538088
Bobcat_other_Howard,True,2017-06-11,6.585005854540942,alert,False,90.1863270220208,96.15721395113124,125.06509625496032,0.721115081046794,0.7688573137552556,0.9755935744074044,1.0133260570224416,6.585005854540942,4.711366735165295,1.1986950603718438
Bobcat_other_Howard,True,2017-06-18,6.32271163793468,alert,True,124.24694003479358,129.75148298190527,85.26198501984128,1.45723724360722,1.5217975860134016,2.827507269580077,2.8295342176013767,5.741600626824056,6.32271163793468,3.732119665975598
Bobcat_other_Howard,True,2017-06-25,7.350440217836009,alert,False,136.96413039322425,151.11771051452865,138.87218895833334,0.9862603262797164,1.08817835772625,2.9198111083545712,2.88016410211216,5.827064825040295,7.350440217836009,1.5958505938865215
Bobcat_other_Howard,True,2017-07-02,9.071414405790266,alert,False,215.66062338136527,220.53457773816848,262.17218546130954,0.8225915460936328,0.8411822076019357,4.881956951142104,3.9639279820768847,8.480047675527217,9.071414405790266,3.8717360984034848
Bobcat_other_Howard,True,2017-07-09,12.43249610339454,alert,False,414.40422695609936,415.1517541118876,480.3692454761905,0.8626785142027568,0.8642346653569533,3.1016774740530506,3.1749492945487745,12.43249610339454,9.08007795221472,4.765347036994178
Bobcat_other_Howard,True,2017-07-16,12.43249610339454,alert,True,206.98089259291717,212.33412236922612,456.43498738095246,0.4534728894920703,0.4652012405701199,2.9427597837355832,2.768414908044373,12.43249610339454,9.259625527891696,8.216118776395533
Bobcat_other_Howard,True,2017-07-23,12.43249610339454,alert,False,194.0846594752414,186.59845410473048,178.46024650793655,1.0875512237209086,1.045602355460335,6.206233876003256,6.226945911336651,12.43249610339454,7.671260106314308,8.24067814314152
Bobcat_other_Howard,True,2017-07-30,12.43249610339454,alert,False,187.89699759303295,178.54153012900727,170.54340845238096,1.1017546752356453,1.0468978645918148,7.2558840077741005,7.245982726216219,12.43249610339454,9.009019935123057,3.058693785208098
Bobcat_other_Howard,True,2017-08-06,12.43249610339454,alert,False,177.4919019996624,168.00233071290583,178.11461956349208,0.9965038380041134,0.9432259470032917,6.299563131857073,6.2852445314102585,12.43249610339454,7.566583216126615,5.755740602353478
Bobcat_other_Howard,True,2017-08-13,12.43249610339454,alert,True,246.7226316022601,226.5750059926766,253.28027369047615,0.9741091479700866,0.894562386131835,2.480857928317618,2.6644195548185907,12.43249610339454,7.309260948718261,3.5960626614246274
Bobcat_other_Howard,True,2017-08-20,9.398156446717158,alert,False,184.6480559317555,138.51342561776625,236.69032466269843,0.7801250693068796,0.5852094960584397,2.3571044631774174,2.3583650296275693,9.398156446717158,7.659663758298933,7.620700384980326
Bobcat_other_Howard,True,2017-08-27,7.660006988282564,alert,False,116.49648495056076,113.23849945322924,104.0646709325397,1.1194623872503284,1.0881550716346042,3.187583037114371,3.2891961749794945,7.660006988282564,7.592616340797854,4.159702447773176
Bobcat_other_Howard,True,2017-09-03,9.12169130184554,alert,False,95.27153023334888,98.10315585631524,73.459733234127,1.2969218106156806,1.3354684469605411,2.351238532264222,3.1341498033240645,9.12169130184554,7.548475607089708,4.9991167381644
Bobcat_other_Howard,True,2017-09-10,7.526438976489518,alert,True,167.0928875122335,173.46320924798482,143.68480656746033,1.1629127080585449,1.207248096663188,2.303150226882198,2.2885443701827892,7.526438976489518,3.977612945153021,3.71462204337789
Bobcat_other_Howard,True,2017-09-17,5.462938750424492,alert,False,131.2012626433018,121.28616037388304,204.08113380952383,0.6428877583841561,0.5943036385082205,2.0769932195346343,1.1582442106444524,5.462938750424492,2.776557466248639,4.687879022991641
Bobcat_other_Howard,True,2017-09-24,5.816260790289519,alert,False,134.15118239755782,137.26272000351472,193.9980186904762,0.6915080025203557,0.7075470199647624,2.145668739811814,2.391409191611339,5.816260790289519,5.091886835022717,4.599724911875808
Bobcat_other_Howard,True,2017-10-01,4.168162632536454,alert,False,140.8684726014937,133.65045717467538,184.69483543650796,0.7627093213979969,0.7236285565798619,4.168162632536454,2.2929069400578124,3.884660729784269,3.8920932529315775,2.7100802140903437
Bobcat_other_Howard,True,2017-10-08,5.065959459608309,alert,True,118.07220754490535,92.67971040702662,126.41187996031746,0.9340277795249146,0.7331566498031683,2.2968533309847454,2.302812682299759,5.065959459608309,5.046039404074261,4.4257772677111955
Bobcat_other_Howard,True,2017-10-15,4.230908810191347,alert,False,121.69703365234102,118.4347391264097,119.23727023809523,1.0206291490012651,0.9932694608817944,3.006571893644992,3.0188181953152435,4.230908810191347,2.7535682052824453,3.2839127659997356
Bobcat_other_Howard,True,2017-10-22,5.1100521632227105,alert,False,121.7920611174915,121.58556998974376,151.22762277777778,0.8053559189808828,0.803990486370392,2.9083512944177845,2.973655945131472,3.8350679095252618,5.1100521632227105,3.1600374690302884
Bobcat_other_Howard,True,2017-10-29,5.104474236670859,alert,False,83.63534256802478,80.15490341932548,102.64184146825396,0.8148269884060128,0.7809184078611502,2.980071551790034,2.8263288693690702,2.9237266174282657,5.104474236670859,1.2960945195505738
Bobcat_other_Howard,True,2017-11-05,7.878635547320401,alert,True,27.00827054989982,28.198325714590485,54.735059722222225,0.4934363950083453,0.515178495423146,3.894608908796789,3.9050440286899577,7.878635547320401,5.640882759497877,2.6831167242835328
Bobcat_other_Howard,True,2017-11-12,8.147642051491303,alert,False,31.93383514991596,31.268631131614192,35.635600873015875,0.8961216976166387,0.8774548587811675,5.07458435829004,5.137096294816092,8.147642051491303,3.964945556112612,1.6569140708693384
Bobcat_other_Howard,True,2017-11-19,7.676316600157795,alert,False,28.302319940608168,30.20055213787461,28.47803829365079,0.9938296889964572,1.060485691692038,4.320981794221961,4.129635962896319,7.676316600157795,4.143702702931101,2.181765186415527
Bobcat_other_Howard,True,2017-11-26,7.570647666702594,alert,False,23.702976177443613,24.54482848871924,32.15405765873016,0.7371690512288427,0.763350888688074,4.256009288932414,4.2407368358622275,7.570647666702594,5.2066708937715305,4.03802038479412
Bobcat_other_Howard,True,2017-12-03,6.6721024578344155,alert,True,38.36387428994243,35.65711131787142,44.07525904761905,0.8704174432303161,0.8090051445720912,5.56101770109294,5.389855058770517,6.6721024578344155,5.04651801762329,6.144824771446476
Bobcat_other_Howard,True,2017-12-10,8.38203028726777,alert,False,31.277191784377596,32.02892336442165,42.63309666666667,0.7336364052774084,0.7512689874452387,6.74062334126787,6.7469105160400185,7.595484072475142,8.38203028726777,6.886485832671635
Bobcat_other_Howard,True,2017-12-17,7.548636755424419,alert,False,49.93679907637796,49.819428962627256,59.04836503968255,0.8456931710610226,0.8437054765046733,4.7799192616860315,4.633964652265069,7.548636755424419,6.711271279153383,6.543968100751913
Bobcat_other_Howard,True,2017-12-24,6.921509240865406,alert,False,68.77287313351665,72.64303443221543,68.82179793650795,0.9992891089094122,1.0555236365552785,5.467691880104744,6.921509240865406,6.596885733944074,6.6472114745704545,6.67620116558575
Bull_assembly_Brandon,False,2017-01-01,7.737645737452698,alert,False,64.62475377338016,64.62475377338016,233.03858253968255,0.2773135378231871,0.2773135378231871,6.249845728085685,5.191849448584556,7.737645737452698,5.6705587160089035,6.687770468347935
Bull_assembly_Brandon,False,2017-01-08,6.266618306180925,alert,False,85.14220464268479,85.14220464268479,240.8163045138889,0.3535566448233337,0.3535566448233337,3.73142476207352,3.815127366321241,6.266618306180925,2.85633064997789,4.1679694394042475
Bull_assembly_Brandon,False,2017-01-15,7.596139678281971,alert,False,82.60163055962602,82.60163055962602,228.22766068948417,0.3619264654866262,0.3619264654866262,5.04634318748821,5.160851819214301,7.596139678281971,3.5876755736656207,6.863915691253327
Bull_assembly_Brandon,False,2017-01-22,7.566607666768692,alert,False,76.24725918712521,76.24725918712521,146.30538712797616,0.5211514126983599,0.5211514126983599,4.191568621988304,4.14948446494741,7.566607666768692,3.26453250143153,6.300816460508225
Bull_assembly_Brandon,False,2017-01-29,8.971058178378957,alert,True,71.30139211193715,71.30139211193715,87.64342244543653,0.8135395688858076,0.8135395688858076,5.060205187847153,5.048190772797829,8.971058178378957,3.369597380845907,7.044825116875954
Bull_assembly_Brandon,False,2017-02-05,5.125815644979931,alert,False,103.09318444754436,106.61047448533556,230.37504565972225,0.4475015258372175,0.4627691952487148,1.6617456041443044,2.6579488571773062,5.125815644979931,1.6790186515807135,4.35675365511881
Bull_assembly_Brandon,False,2017-02-12,5.001587572653775,alert,False,89.05889677888696,91.98269352467572,166.02415099206348,0.5364213353703238,0.554032006639039,2.8069372839353397,1.858815630594168,5.001587572653775,1.7729117057107344,4.367831735761692
Bull_assembly_Brandon,False,2017-02-19,6.348538276273902,alert,False,81.07737121523493,83.36632696837967,227.1976078373016,0.356858384148548,0.3669331194194575,2.6635230623311044,2.7892933481925963,6.348538276273902,0.4291899258096046,4.063361176399903
Bull_assembly_Brandon,False,2017-02-26,5.287710576436242,alert,True,80.58386233817926,81.22019185205089,233.37983888888888,0.3452905903176361,0.3480171733716873,2.616577110083785,2.6310541292544904,5.287710576436242,2.925247910973696,4.335605164579363
Bull_assembly_Brandon,False,2017-03-05,7.608590802801737,alert,False,117.15332892985872,114.149406359707,215.73030849454364,0.5430545654312724,0.5291301308392378,4.373670986000703,4.32117807978533,7.608590802801737,3.2626574217573854,5.57824843302209
Bull_assembly_Brandon,False,2017-03-12,9.269027161965656,alert,False,64.85622862501599,66.6604084026301,113.55240332341268,0.571156811540982,0.5870453328299199,6.593397744473563,6.767675352887929,9.269027161965656,1.7423697309948103,6.589467917018274
Bull_assembly_Brandon,False,2017-03-19,9.202381394334648,alert,False,67.69036232072034,70.49947872282596,118.60580660962302,0.5707171027765543,0.5944015789620373,6.595763214944839,6.806021391567633,9.202381394334648,2.8510789566794283,5.062571853283176
Bull_assembly_Brandon,False,2017-03-26,8.913858323497422,alert,True,111.68170319404769,104.24007018002958,75.74707817460319,1.4744027873472856,1.3761596181934268,6.440689225965491,6.447983366670039,8.913858323497422,2.5516564782833813,5.411351861311202
Bull_assembly_Brandon,False,2017-04-02,9.28763525902361,alert,False,107.06570939792506,103.89405391196996,86.97348427579365,1.2310155248974366,1.1945486003817098,5.011949378339388,4.956684343609684,9.28763525902361,1.4073892396225662,5.496216564525378
Bull_assembly_Brandon,False,2017-04-09,9.191185638572575,alert,False,123.2078476701126,121.78203088188208,82.98685689484127,1.484666997645643,1.467485761464626,6.997381849718302,6.967630089947468,9.191185638572575,3.9534068440951833,6.136104382441696
Bull_assembly_Brandon,False,2017-04-16,7.081007780778082,alert,False,135.24441470067,131.1766970314223,341.19705218253966,0.3963821311923719,0.3844602296307151,0.4635374193408082,0.632794145151916,4.044130012389355,3.8648600099870114,7.081007780778082
Bull_assembly_Brandon,False,2017-04-23,5.061301766310764,alert,True,128.48501617301264,129.13308441783005,291.9414747519841,0.4401053885274977,0.4423252452483284,0.5523488578716924,0.640558024018753,5.061301766310764,0.2974553260419161,2.8325372431794635
Bull_assembly_Brandon,False,2017-04-30,6.414942590758341,alert,False,114.02697069324456,130.47571067283022,198.77807609126984,0.5736395730125116,0.6563888394458638,2.894619767812624,2.627656077829161,6.414942590758341,1.1546761664225325,3.619815595873293
Bull_assembly_Brandon,False,2017-05-07,7.684347267172344,alert,False,102.5939417254543,113.52257051212077,162.2121763640873,0.6324675744142714,0.6998400061985353,3.018397086624053,2.9518170206539542,7.684347267172344,2.644903950658026,4.307669628626892
Bull_assembly_Brandon,False,2017-05-14,9.02964663150437,alert,False,140.22132743325832,142.36954877556337,181.3385444196429,0.7732571576661963,0.785103626100032,2.97134220424402,1.8449666890455487,9.02964663150437,2.53505392180715,6.314835625211485
Bull_assembly_Brandon,False,2017-05-21,4.13693091652387,alert,True,170.5736750841675,181.5394781438981,322.51816738591265,0.5288808269831996,0.5628814017372084,1.3698231985315796,1.534351735666299,4.13693091652387,1.1957648218991108,2.473424380983407
Bull_assembly_Brandon,False,2017-05-28,6.788338319921024,alert,False,200.18938663257637,204.47034039931057,384.2533230902778,0.5209828376306409,0.5321238050848857,3.756628948333375,3.75422618383466,6.788338319921024,4.608959156859423,6.738313855286107
Bull_assembly_Brandon,False,2017-06-04,10.499967252850066,alert,False,182.34210029991,194.1754075057412,248.2002037450397,0.7346573352825225,0.7823337957659586,3.7698769238192193,3.73954440790454,10.499967252850066,3.755343895154078,7.216794420731489
Bull_assembly_Brandon,False,2017-06-11,7.77857518459035,alert,False,257.23523297354666,261.2593205454586,329.6712226934523,0.7802780930404081,0.7924844589434877,4.16249854269111,3.9745996127584737,7.77857518459035,6.021617668439986,5.16097883566499
Bull_assembly_Brandon,False,2017-06-18,9.752361004416466,alert,True,371.44133292486055,363.7359590028816,281.5852884672619,1.319107738002604,1.2917434748909862,4.624036742144359,4.700247179622112,9.752361004416466,6.283390394464048,4.098019834851438
Bull_assembly_Brandon,False,2017-06-25,7.828823607932317,alert,False,314.09300995632896,346.3700810454907,335.5596033978175,0.9360274799942496,1.0322162666131685,5.089666061225674,5.0293591165524365,7.828823607932317,4.895916500757465,6.464623368948623
Bull_assembly_Brandon,False,2017-07-02,9.507922742405924,alert,False,273.033517628949,316.6650445488574,305.90611760912697,0.8925402334641079,1.0351706825081468,5.295724209906057,5.326108965221049,9.507922742405924,6.496141067937198,4.838838113656208
Bull_assembly_Brandon,False,2017-07-09,9.148065034650024,alert,False,300.69078157847775,344.84089906210306,251.27750629960315,1.196648223736979,1.3723508488298288,5.334619514233677,5.243517211594329,9.148065034650024,6.219596669477358,4.943093011021436
Bull_assembly_Brandon,False,2017-07-16,9.111277695676186,alert,True,280.8108922398637,320.0719271534112,250.34776220238095,1.121683252805976,1.2785092398575757,4.613696527129747,4.56435496683236,9.111277695676186,5.3278166148288335,4.745960967951467
Bull_assembly_Brandon,False,2017-07-23,10.50624764740964,alert,False,201.49860965212085,348.4678952209781,204.1409789434524,0.9870561545016228,1.7069962974827542,5.659458697112812,5.717516083042636,10.50624764740964,6.499138302947667,3.7930090736230033
Bull_assembly_Brandon,False,2017-07-30,8.98850168972031,alert,False,232.9132207577298,347.89603402760685,244.06429027777776,0.9543109337816008,1.4254278396550957,4.444979258578751,4.424785590840497,8.98850168972031,6.428580269223966,3.8444889946312646
Bull_assembly_Brandon,False,2017-08-06,7.693042016593547,alert,False,320.50725587493474,374.6848203347092,340.98820530753966,0.9399364872044972,1.098820470921504,4.1137931453785495,4.167867877323377,7.693042016593547,4.869760159309326,6.1667386772861255
Bull_assembly_Brandon,False,2017-08-13,9.098780001858607,alert,True,233.4661014308618,326.05655778380134,371.635776438492,0.6282121265833024,0.8773551376256308,5.2631159834366805,5.301599479934989,9.098780001858607,7.556990247361551,4.890308668393348
Bull_assembly_Brandon,False,2017-08-20,9.024398988123266,alert,False,176.0954840935793,287.9116772433689,238.28233839285713,0.7390202953407731,1.208279552673718,5.345334181659898,5.50440201700545,9.024398988123266,5.901970334537993,5.00388151866207
Bull_assembly_Brandon,False,2017-08-27,10.010916625570331,alert,False,181.56731336013377,218.46861040904335,292.8756727678571,0.6199467222531999,0.7459431790437876,2.6809822568172943,2.6139000246478146,10.010916625570331,4.6423700963140515,6.759847819993505
Bull_assembly_Brandon,False,2017-09-03,5.650357567992081,alert,False,163.14109395866316,185.10126559138985,330.3009092509921,0.4939165754299937,0.5604019256596516,1.4304145046617391,1.374126000762662,5.650357567992081,2.459266366693357,4.393427024623858
Bull_assembly_Brandon,False,2017-09-10,6.517136546877447,alert,True,183.69206970537093,227.21078873552105,451.0037529761904,0.4072961000727381,0.5037891308800617,1.3543098662438495,1.3857819878502975,6.517136546877447,2.5180531769647545,4.109900827115713
Bull_assembly_Brandon,False,2017-09-17,8.07261981589743,alert,False,202.44411293111932,295.2987351155373,406.8995373263889,0.4975284913355198,0.7257288544879014,4.18070614134287,4.294567705628058,8.07261981589743,5.904246866228769,6.0529252761284695
Bull_assembly_Brandon,False,2017-09-24,6.808125689478305,alert,False,168.64258243397964,215.2587499510979,319.6951728670635,0.5275105686506723,0.6733249927442834,2.7548375078934124,3.84889859731352,6.808125689478305,4.061891920377931,4.48670735252303
Bull_assembly_Brandon,False,2017-10-01,7.657989629452014,alert,False,133.34110575344644,164.88510969487413,216.19307534722225,0.6167686247086807,0.7626752588169455,2.6007334662424024,2.4583287484894054,7.657989629452014,2.900511311683869,4.946583506271486
Bull_assembly_Brandon,False,2017-10-08,5.136714412211944,alert,True,116.71499461986409,167.39903203353003,383.2546389632936,0.3045364171861792,0.4367827940356978,3.789420931474024,3.704880745976265,5.136714412211944,2.3435703386508733,3.963803948268348
Bull_assembly_Brandon,False,2017-10-15,3.6548508848832606,alert,False,120.44874974110732,145.9743739654522,253.95230987103176,0.4742967283986373,0.5748101840049593,1.7855647661457534,2.93111435001262,3.6548508848832606,0.6884877573188333,3.033847860326692
Bull_assembly_Brandon,False,2017-10-22,5.1721659059701635,alert,False,89.08806715622666,100.75276617651056,293.93470654761904,0.3030879483494879,0.3427726087874827,2.0136692139029755,0.6427259161195845,4.254108382000565,1.7393528660861572,5.1721659059701635
Bull_assembly_Brandon,False,2017-10-29,3.978489022199967,alert,False,118.35150524974291,130.91124819841795,335.93294417162696,0.352306932985047,0.3896945818196856,0.2859134817762098,0.4668758942957753,3.978489022199967,0.5435597782259787,1.9925590995706248
Bull_assembly_Brandon,False,2017-11-05,4.620558608071123,alert,True,100.7078591741079,113.81656174033314,437.6661103918651,0.2301020270542284,0.2600534038114746,0.5670507463212149,0.3663730801175447,3.8946208563550138,0.9935339233517584,4.620558608071123
Bull_assembly_Brandon,False,2017-11-12,9.263071722016786,alert,False,94.47744774669547,99.5434804750689,347.6700820188492,0.2717445435571684,0.2863159231218292,3.0099128944491884,2.826902519527186,9.263071722016786,4.152393341320824,6.994846163012129
Bull_assembly_Brandon,False,2017-11-19,7.935248106652109,alert,False,171.47039827838384,169.80577613626906,427.3932824900794,0.4012004991734141,0.3973056739379393,4.461123454419203,4.0495685455277926,6.829498836364825,3.281826879656739,7.935248106652109
Bull_assembly_Brandon,False,2017-11-26,7.032904811086491,alert,False,292.5006980715069,286.80676701000164,391.2088679067461,0.7476842220796269,0.7331295135118687,2.79122182714756,2.9475396615580127,3.6232195695755736,3.011412759553015,7.032904811086491
Bull_assembly_Brandon,False,2017-12-03,5.6310434252235035,alert,True,90.09640889333708,93.62301423196278,412.5577171626984,0.2183849801985553,0.2269331304134619,4.128710750142483,3.995090819466792,5.6310434252235035,2.487641662238459,4.729155464487334
Bull_assembly_Brandon,False,2017-12-10,10.774589719282485,alert,False,85.4801766729937,93.66994327523084,131.75501217757937,0.6487812134067701,0.7109402650199184,7.270319442615586,7.016726837195074,10.774589719282485,5.7863644965073595,9.43153522380831
Bull_assembly_Brandon,False,2017-12-17,12.43249610339454,alert,False,111.07300383587332,128.40427347621386,75.67367624007937,1.4677891884555392,1.6968155884067722,8.403193492413699,8.424384868226927,12.43249610339454,4.26373026409208,4.21843721040891
Bull_assembly_Brandon,False,2017-12-24,12.43249610339454,alert,False,143.02873354407694,85.09860636394195,53.40663420138889,2.6781079856995995,1.5934089020297948,11.36821345965182,11.434124129068085,12.43249610339454,9.804653656496017,8.995819666132364
Bull_assembly_Brandon,True,2017-01-01,7.737645737452698,alert,False,64.62475377338016,64.62475377338016,233.03858253968255,0.2773135378231871,0.2773135378231871,6.249845728085685,5.191849448584556,7.737645737452698,5.6705587160089035,6.687770468347935
Bull_assembly_Brandon,True,2017-01-08,6.266618306180925,alert,False,85.14220464268479,85.14220464268479,240.8163045138889,0.3535566448233337,0.3535566448233337,3.73142476207352,3.815127366321241,6.266618306180925,2.85633064997789,4.1679694394042475
Bull_assembly_Brandon,True,2017-01-15,7.596139678281971,alert,False,82.60163055962602,82.60163055962602,228.22766068948417,0.3619264654866262,0.3619264654866262,5.04634318748821,5.160851819214301,7.596139678281971,3.5876755736656207,6.863915691253327
Bull_assembly_Brandon,True,2017-01-22,7.566607666768692,alert,False,76.24725918712521,76.24725918712521,146.30538712797616,0.5211514126983599,0.5211514126983599,4.191568621988304,4.14948446494741,7.566607666768692,3.26453250143153,6.300816460508225
Bull_assembly_Brandon,True,2017-01-29,8.971058178378957,alert,True,71.30139211193715,71.30139211193715,87.64342244543653,0.8135395688858076,0.8135395688858076,5.060205187847153,5.048190772797829,8.971058178378957,3.369597380845907,7.044825116875954
Bull_assembly_Brandon,True,2017-02-05,5.125815644979931,alert,False,103.09318444754436,106.61047448533556,230.37504565972225,0.4475015258372175,0.4627691952487148,1.6617456041443044,2.6579488571773062,5.125815644979931,1.6790186515807135,4.35675365511881
Bull_assembly_Brandon,True,2017-02-12,5.001587572653775,alert,False,89.05889677888696,91.98269352467572,166.02415099206348,0.5364213353703238,0.554032006639039,2.8069372839353397,1.858815630594168,5.001587572653775,1.7729117057107344,4.367831735761692
Bull_assembly_Brandon,True,2017-02-19,6.348538276273902,alert,False,81.07737121523493,83.36632696837967,227.1976078373016,0.356858384148548,0.3669331194194575,2.6635230623311044,2.7892933481925963,6.348538276273902,0.4291899258096046,4.063361176399903
Bull_assembly_Brandon,True,2017-02-26,5.287710576436242,alert,True,80.58386233817926,81.22019185205089,233.37983888888888,0.3452905903176361,0.3480171733716873,2.616577110083785,2.6310541292544904,5.287710576436242,2.925247910973696,4.335605164579363
Bull_assembly_Brandon,True,2017-03-05,7.608590802801737,alert,False,117.15332892985872,114.149406359707,215.73030849454364,0.5430545654312724,0.5291301308392378,4.373670986000703,4.32117807978533,7.608590802801737,3.2626574217573854,5.57824843302209
Bull_assembly_Brandon,True,2017-03-12,9.269027161965656,alert,False,64.85622862501599,66.6604084026301,113.55240332341268,0.571156811540982,0.5870453328299199,6.593397744473563,6.767675352887929,9.269027161965656,1.7423697309948103,6.589467917018274
Bull_assembly_Brandon,True,2017-03-19,9.202381394334648,alert,False,67.69036232072034,70.49947872282596,118.60580660962302,0.5707171027765543,0.5944015789620373,6.595763214944839,6.806021391567633,9.202381394334648,2.8510789566794283,5.062571853283176
Bull_assembly_Brandon,True,2017-03-26,8.913858323497422,alert,True,111.68170319404769,104.24007018002958,75.74707817460319,1.4744027873472856,1.3761596181934268,6.440689225965491,6.447983366670039,8.913858323497422,2.5516564782833813,5.411351861311202
Bull_assembly_Brandon,True,2017-04-02,9.28763525902361,alert,False,107.06570939792506,103.89405391196996,86.97348427579365,1.2310155248974366,1.1945486003817098,5.011949378339388,4.956684343609684,9.28763525902361,1.4073892396225662,5.496216564525378
Bull_assembly_Brandon,True,2017-04-09,9.191185638572575,alert,False,123.2078476701126,121.78203088188208,82.98685689484127,1.484666997645643,1.467485761464626,6.997381849718302,6.967630089947468,9.191185638572575,3.9534068440951833,6.136104382441696
Bull_assembly_Brandon,True,2017-04-16,7.081007780778082,alert,False,135.24441470067,131.1766970314223,341.19705218253966,0.3963821311923719,0.3844602296307151,0.4635374193408082,0.632794145151916,4.044130012389355,3.8648600099870114,7.081007780778082
Bull_assembly_Brandon,True,2017-04-23,5.061301766310764,alert,True,128.48501617301264,129.13308441783005,291.9414747519841,0.4401053885274977,0.4423252452483284,0.5523488578716924,0.640558024018753,5.061301766310764,0.2974553260419161,2.8325372431794635
Bull_assembly_Brandon,True,2017-04-30,6.414942590758341,alert,False,114.02697069324456,130.47571067283022,198.77807609126984,0.5736395730125116,0.6563888394458638,2.894619767812624,2.627656077829161,6.414942590758341,1.1546761664225325,3.619815595873293
Bull_assembly_Brandon,True,2017-05-07,7.684347267172344,alert,False,102.5939417254543,113.52257051212077,162.2121763640873,0.6324675744142714,0.6998400061985353,3.018397086624053,2.9518170206539542,7.684347267172344,2.644903950658026,4.307669628626892
Bull_assembly_Brandon,True,2017-05-14,9.02964663150437,alert,False,140.22132743325832,142.36954877556337,181.3385444196429,0.7732571576661963,0.785103626100032,2.97134220424402,1.8449666890455487,9.02964663150437,2.53505392180715,6.314835625211485
Bull_assembly_Brandon,True,2017-05-21,4.13693091652387,alert,True,170.5736750841675,181.5394781438981,322.51816738591265,0.5288808269831996,0.5628814017372084,1.3698231985315796,1.534351735666299,4.13693091652387,1.1957648218991108,2.473424380983407
Bull_assembly_Brandon,True,2017-05-28,6.788338319921024,alert,False,200.18938663257637,204.47034039931057,384.2533230902778,0.5209828376306409,0.5321238050848857,3.756628948333375,3.75422618383466,6.788338319921024,4.608959156859423,6.738313855286107
Bull_assembly_Brandon,True,2017-06-04,10.499967252850066,alert,False,182.34210029991,194.1754075057412,248.2002037450397,0.7346573352825225,0.7823337957659586,3.7698769238192193,3.73954440790454,10.499967252850066,3.755343895154078,7.216794420731489
Bull_assembly_Brandon,True,2017-06-11,7.77857518459035,alert,False,257.23523297354666,261.2593205454586,329.6712226934523,0.7802780930404081,0.7924844589434877,4.16249854269111,3.9745996127584737,7.77857518459035,6.021617668439986,5.16097883566499
Bull_assembly_Brandon,True,2017-06-18,9.752361004416466,alert,True,371.44133292486055,363.7359590028816,281.5852884672619,1.319107738002604,1.2917434748909862,4.624036742144359,4.700247179622112,9.752361004416466,6.283390394464048,4.098019834851438
Bull_assembly_Brandon,True,2017-06-25,7.828823607932317,alert,False,424.2168386084521,458.7592279862009,519.8633892509921,0.8160159907002771,0.8824611185780389,5.1774145924007495,5.0293591165524365,7.828823607932317,4.895916500757465,6.464623368948623
Bull_assembly_Brandon,True,2017-07-02,12.43249610339454,alert,False,896.2623596083057,892.5514283713435,859.6375763690477,1.0426049119373706,1.038288056393856,8.451833427816442,8.486880848566507,12.43249610339454,6.496141067937198,4.838838113656208
Bull_assembly_Brandon,True,2017-07-09,12.43249610339454,alert,False,941.6383191660418,907.0337308274856,402.95449706349206,2.3368353648567703,2.250958203562542,7.486757797052559,7.395850014646927,12.43249610339454,6.219596669477358,4.943093011021436
Bull_assembly_Brandon,True,2017-07-16,12.43249610339454,alert,True,967.8379980320144,936.5283830241768,398.9777016666667,2.425794709802134,2.347320111154023,8.618883450654147,8.614755029793958,12.43249610339454,5.3278166148288335,4.745960967951467
Bull_assembly_Brandon,True,2017-07-23,12.43249610339454,alert,False,338.91120715067177,962.8002621097668,327.9869554761905,1.0333069699635489,2.9354833966244716,9.548711422852575,9.578235120944786,12.43249610339454,6.499138302947667,3.7930090736230033
Bull_assembly_Brandon,True,2017-07-30,12.43249610339454,alert,False,357.4216014073779,895.9249863993265,388.4327053174604,0.9201635097005092,2.3065127475996134,7.6195100771813316,7.626352124216978,12.43249610339454,6.428580269223966,3.8444889946312646
Bull_assembly_Brandon,True,2017-08-06,12.43249610339454,alert,False,522.5846495116402,936.3262778308782,546.4774341666666,0.9562785521208924,1.7133850718990788,6.229375432880016,6.2022288683307005,12.43249610339454,4.869760159309326,6.1667386772861255
Bull_assembly_Brandon,True,2017-08-13,12.43249610339454,alert,True,343.3194330939892,894.3665118015504,598.5527930555556,0.5735825428887831,1.4942149166757597,8.576631986998915,8.54268066490691,12.43249610339454,7.556990247361551,4.890308668393348
Bull_assembly_Brandon,True,2017-08-20,12.43249610339454,alert,False,297.95386372985286,828.3031425981025,377.6381557539683,0.7889930061091871,2.1933777876453324,7.440593011240386,8.414353434659755,12.43249610339454,5.901970334537993,5.00388151866207
Bull_assembly_Brandon,True,2017-08-27,11.140922914942903,alert,False,422.1174243143128,603.1343417444267,474.1012595634921,0.8903528851683686,1.2721635506721416,5.508710519347295,5.461324960710019,11.140922914942903,4.6423700963140515,6.759847819993505
Bull_assembly_Brandon,True,2017-09-03,7.028050562529823,alert,False,385.006418006108,453.329129614239,521.1587278174603,0.7387507825465399,0.8698484845734386,2.8666876950507207,3.0421793491626654,7.028050562529823,2.459266366693357,4.393427024623858
Bull_assembly_Brandon,True,2017-09-10,8.05933675768805,alert,True,411.2355960400155,597.3089683656302,715.4420095634922,0.5747993415859377,0.8348810391076452,3.0793250718753624,2.964356927507988,8.05933675768805,2.5180531769647545,4.109900827115713
Bull_assembly_Brandon,True,2017-09-17,12.43249610339454,alert,False,318.95329035981166,898.7001866545672,658.1832870238095,0.4845964591444779,1.365425413213291,7.225404303657152,7.361857951537921,12.43249610339454,5.904246866228769,6.0529252761284695
Bull_assembly_Brandon,True,2017-09-24,9.018213092848072,alert,False,337.1607901380757,649.330879233972,510.4613713492064,0.6605020655077622,1.2720470454360102,5.523741109214876,6.768885823013135,9.018213092848072,4.061891920377931,4.48670735252303
Bull_assembly_Brandon,True,2017-10-01,8.06380148498993,alert,False,295.86887591146603,572.8345631358897,351.9039784920636,0.8407659304657129,1.627814966999041,4.474961999587975,4.261016036347726,8.06380148498993,2.900511311683869,4.946583506271486
Bull_assembly_Brandon,True,2017-10-08,4.998106846380268,alert,True,160.73040593960198,191.9239546304935,609.0669111507938,0.263896138498005,0.3151114452562613,1.6269357136939142,1.5733194469077425,4.998106846380268,2.3435703386508733,3.963803948268348
Bull_assembly_Brandon,True,2017-10-15,3.033847860326692,alert,False,235.1712891391543,309.85735282755775,410.8338823809525,0.5724242795561051,0.7542156723583899,1.315238244993971,1.4070910662910772,2.9225313881560657,0.6884877573188333,3.033847860326692
Bull_assembly_Brandon,True,2017-10-22,5.1721659059701635,alert,False,191.5856941470313,212.83167647243272,462.2864111111111,0.4144307285315887,0.4603892118760081,0.2875418197950558,1.3030079023767294,2.2925957078439745,1.7393528660861572,5.1721659059701635
Bull_assembly_Brandon,True,2017-10-29,1.9925590995706248,alert,False,286.0962074545519,365.1334332334879,531.1494736904763,0.5386359614869402,0.6874400735004152,0.3023397105782637,0.1978934013646162,1.5636116897824397,0.5435597782259787,1.9925590995706248
Bull_assembly_Brandon,True,2017-11-05,4.620558608071123,alert,True,219.26242158270884,271.195965696866,710.1142783730158,0.3087706137737065,0.381904679227432,0.1059040574763487,0.2698775025974742,0.4991751783708608,0.9935339233517584,4.620558608071123
Bull_assembly_Brandon,True,2017-11-12,6.994846163012129,alert,False,230.90872342812813,359.9861184362459,553.7426292857142,0.4169964731196202,0.6500964516685316,3.6169519315667062,1.5185976453762282,6.894426774885998,4.152393341320824,6.994846163012129
Bull_assembly_Brandon,True,2017-11-19,7.935248106652109,alert,False,262.9251627160804,272.28839817374495,668.6891608333334,0.3931948925094254,0.4071972661175094,1.9902954913227096,1.4566873872789776,5.512335211282015,3.281826879656739,7.935248106652109
Bull_assembly_Brandon,True,2017-11-26,7.032904811086491,alert,False,543.2231788653471,528.5336046950151,618.154960793651,0.8787815569220723,0.855017978042964,0.4579990682698957,0.6719490754195607,4.489240668839947,3.011412759553015,7.032904811086491
Bull_assembly_Brandon,True,2017-12-03,4.729155464487334,alert,True,167.7903707737702,181.79129469564535,685.3554947619049,0.2448223907974375,0.2652510938995249,0.8409263948542267,0.6586276191654286,4.429705988531685,2.487641662238459,4.729155464487334
Bull_assembly_Brandon,True,2017-12-10,9.43153522380831,alert,False,96.12935639309556,107.20515300498994,217.68554666666665,0.4415973309440459,0.4924771288061167,4.743703617858695,4.533165467123428,8.058416956946413,5.7863644965073595,9.43153522380831
Bull_assembly_Brandon,True,2017-12-17,9.530531110910356,alert,False,106.19130874276824,119.83517048197038,124.5299415873016,0.8527371601497374,0.9623000617723736,6.045200334153998,6.06312516975904,9.530531110910356,4.26373026409208,4.21843721040891
Bull_assembly_Brandon,True,2017-12-24,12.43249610339454,alert,False,132.45742120256548,74.31143985938957,85.79628738095238,1.5438595916677431,0.8661381759962662,10.36830605294206,10.628946442345631,12.43249610339454,9.804653656496017,8.995819666132364
Bull_education_Linnie,False,2017-01-01,9.076179319786942,alert,False,187.07321380245244,187.07321380245244,358.678447296627,0.52156246134227,0.52156246134227,6.506712530987671,6.5186948210721205,9.076179319786942,5.6705587160089035,6.687770468347935
Bull_education_Linnie,False,2017-01-08,6.18999484924728,alert,False,177.6111147704624,177.6111147704624,686.778915252976,0.2586146878213916,0.2586146878213916,3.867586412545738,3.9814583073929466,6.18999484924728,2.85633064997789,4.1679694394042475
Bull_education_Linnie,False,2017-01-15,8.30878143797791,alert,False,274.6860763010241,274.6860763010241,670.9180249255952,0.4094182390337281,0.4094182390337281,5.0970017547476605,5.216793522333418,8.30878143797791,3.5876755736656207,6.863915691253327
Bull_education_Linnie,False,2017-01-22,7.874785149062764,alert,False,131.5888346964719,131.5888346964719,526.1325531001984,0.2501058600557865,0.2501058600557865,4.046352803583183,3.93669200414563,7.874785149062764,3.26453250143153,6.300816460508225
Bull_education_Linnie,False,2017-01-29,8.14967422230755,alert,True,133.3849300674318,133.3849300674318,208.12170719246032,0.6408986927254264,0.6408986927254264,4.101622899839468,4.075582371029103,8.14967422230755,3.369597380845907,7.044825116875954
Bull_education_Linnie,False,2017-02-05,5.197195582618115,alert,False,196.81119403151385,209.06484036444303,710.6632328125,0.276940166515467,0.2941827165267213,3.7070492361236393,3.6283513045197537,5.197195582618115,1.6790186515807135,4.35675365511881
Bull_education_Linnie,False,2017-02-12,6.333327782928314,alert,False,132.89023738484454,141.70210791713794,461.43914871031745,0.287990816895925,0.307087312190964,2.7905031112084133,2.7937508487769764,6.333327782928314,1.7729117057107344,4.367831735761692
Bull_education_Linnie,False,2017-02-19,8.099627174532483,alert,False,134.684158716261,139.16458097376986,689.8734234126983,0.1952302468038253,0.201724803784068,2.884301715284172,2.9157491158942586,8.099627174532483,0.4291899258096046,4.063361176399903
Bull_education_Linnie,False,2017-02-26,5.077203302247478,alert,True,181.8904481057335,190.25584404516303,719.6064203621032,0.2527637927607801,0.2643887528816475,1.628711086431105,1.5989571083017775,5.077203302247478,2.925247910973696,4.335605164579363
Bull_education_Linnie,False,2017-03-05,5.57824843302209,alert,False,258.37827311264766,283.97235898611245,761.4496027653771,0.3393241945025492,0.3729365120879995,2.536219104865286,2.6126620939643157,5.133796551212962,3.2626574217573854,5.57824843302209
Bull_education_Linnie,False,2017-03-12,6.589467917018274,alert,False,325.0820833888553,269.2932786696248,798.4280480654762,0.4071526347007745,0.3372793319599677,5.0040883457969,4.944882144095894,6.213234518396466,1.7423697309948103,6.589467917018274
Bull_education_Linnie,False,2017-03-19,8.071115072381701,alert,False,140.8880815190809,147.72142469638956,945.134217373512,0.1490667451556276,0.1562967692640534,2.9697751004075004,4.974646339879984,8.071115072381701,2.8510789566794283,5.062571853283176
Bull_education_Linnie,False,2017-03-26,6.353625170788384,alert,True,143.63357941753944,142.7633402475985,474.2208837549603,0.3028832856963715,0.3010481932326018,1.7356026638404891,1.5327675553297282,6.353625170788384,2.5516564782833813,5.411351861311202
Bull_education_Linnie,False,2017-04-02,8.146186657746362,alert,False,116.97538052041766,123.41767250313929,499.9092954613095,0.2339932095330901,0.2468801313031219,2.7205831968780485,2.741022303037576,8.146186657746362,1.4073892396225662,5.496216564525378
Bull_education_Linnie,False,2017-04-09,7.731369619314612,alert,False,116.55393863237909,124.54411247897728,758.9735369295636,0.1535678557435604,0.1640954610655095,3.0362909725389855,1.8945778281293553,7.731369619314612,3.9534068440951833,6.136104382441696
Bull_education_Linnie,False,2017-04-16,8.27010604270681,alert,False,138.01610200781528,149.89564426771787,501.34277956349206,0.2752928886858265,0.2989883376763272,2.868829015322774,2.9823618969813923,8.27010604270681,3.8648600099870114,7.081007780778082
Bull_education_Linnie,False,2017-04-23,4.872734307187386,alert,True,187.3035357207544,192.12954338106488,687.0886480902778,0.2726046140353992,0.2796284641218823,0.1762644823968898,0.2717982117990032,4.872734307187386,0.2974553260419161,2.8325372431794635
Bull_education_Linnie,False,2017-04-30,5.207190266967892,alert,False,157.1566332622972,176.82277685155316,605.1789661210317,0.2596862119475364,0.2921826215886521,0.4580625440659059,0.2706043818000279,5.207190266967892,1.1546761664225325,3.619815595873293
Bull_education_Linnie,False,2017-05-07,6.471740866475135,alert,False,147.22393805457713,151.7985745675165,528.1162710813492,0.2787718275620015,0.2874340043655538,1.760777966221889,1.5934364554792018,6.471740866475135,2.644903950658026,4.307669628626892
Bull_education_Linnie,False,2017-05-14,6.921040065591131,alert,False,182.4948072845086,183.0278407619652,435.8239874503968,0.4187351144945394,0.4199581620844044,3.0052111981169265,1.8922163857421983,6.921040065591131,2.53505392180715,6.314835625211485
Bull_education_Linnie,False,2017-05-21,3.9332931617713593,alert,True,413.7843938553538,442.10595262799774,784.768398611111,0.5272694397323752,0.5633585060387755,1.5687822963384268,1.5119850305019824,3.9332931617713593,1.1957648218991108,2.473424380983407
Bull_education_Linnie,False,2017-05-28,6.738313855286107,alert,False,483.1892246584914,482.25040603702945,841.7608671874999,0.5740219621671512,0.5729066589283599,2.6477683672108276,2.6633487017683124,5.255033816427657,4.608959156859423,6.738313855286107
Bull_education_Linnie,False,2017-06-04,7.216794420731489,alert,False,331.21933386497483,360.08818120912247,495.29820235615085,0.6687271068002123,0.7270128974750371,2.7528194041979996,2.7394267422174283,5.64760820009646,3.755343895154078,7.216794420731489
Bull_education_Linnie,False,2017-06-11,6.021617668439986,alert,False,454.2069071468458,471.2079347994521,429.31144950396833,1.0579892701944986,1.0975899555995805,2.9204482890523513,2.6983115905216737,3.6733593470257007,6.021617668439986,5.16097883566499
Bull_education_Linnie,False,2017-06-18,6.283390394464048,alert,True,450.48031716053407,467.3138289610871,289.28821956845235,1.5572024254307386,1.6153918388318946,3.926912580862984,3.912361569493504,4.133162596220392,6.283390394464048,4.098019834851438
Bull_education_Linnie,False,2017-06-25,6.464623368948623,alert,False,359.59750432919856,486.1342978279355,211.64805600198412,1.699035233878205,2.296899423557087,4.04361725810305,4.015952592932907,4.035230644414485,4.895916500757465,6.464623368948623
Bull_education_Linnie,False,2017-07-02,6.496141067937198,alert,False,590.5326686273362,693.5588152863702,407.70818931051593,1.4484199339385324,1.7011157329443454,4.0895037658335,4.146768433911275,3.935851354484968,6.496141067937198,4.838838113656208
Bull_education_Linnie,False,2017-07-09,6.219596669477358,alert,False,355.84508974045735,409.95270312318615,387.6583827876984,0.9179347217556144,1.0575102237572334,3.928856088977608,3.9767435003402767,4.089388506852854,6.219596669477358,4.943093011021436
Bull_education_Linnie,False,2017-07-16,5.3278166148288335,alert,True,350.88334898044843,404.8898296091232,164.72876889880953,2.130067208818825,2.457918142142136,4.1621936308630705,4.061796230023417,4.4287241727920685,5.3278166148288335,4.745960967951467
Bull_education_Linnie,False,2017-07-23,6.499138302947667,alert,False,294.8944729380964,421.6569136338877,167.90541979166665,1.756313008263789,2.511276373074022,3.976198619269288,4.00710034436937,4.078353927373409,6.499138302947667,3.7930090736230033
Bull_education_Linnie,False,2017-07-30,6.428580269223966,alert,False,230.22571144778703,374.3936439380126,268.94544980158724,0.8560312569617168,1.392080231192679,3.936661967198335,3.943015083271489,5.390095094316057,6.428580269223966,3.8444889946312646
Bull_education_Linnie,False,2017-08-06,7.879821482555792,alert,False,260.18253849233747,267.20981203223397,404.19673740079367,0.6437027180512481,0.6610884930703285,3.1594617793396704,3.1421907732837555,7.879821482555792,4.869760159309326,6.1667386772861255
Bull_education_Linnie,False,2017-08-13,7.556990247361551,alert,True,290.69681399879056,310.9086826985225,499.3433459325397,0.5821581810725944,0.6226350771088991,4.235017482073165,4.580515412599999,6.934880388151178,7.556990247361551,4.890308668393348
Bull_education_Linnie,False,2017-08-20,5.901970334537993,alert,False,331.8475204181054,394.3497130349668,569.0917642361111,0.5831177698794193,0.6929457388375675,3.990782913724309,3.999757044537296,4.230778715700023,5.901970334537993,5.00388151866207
Bull_education_Linnie,False,2017-08-27,11.115596938778726,alert,False,152.85210284779438,163.73480598272587,692.7551547619048,0.2206437610707185,0.2363530676852205,4.210445352915604,4.2940050782896595,11.115596938778726,4.6423700963140515,6.759847819993505
Bull_education_Linnie,False,2017-09-03,4.393427024623858,alert,False,384.3288629882398,436.5834780095806,618.4017154513888,0.6214873817219401,0.7059868481944718,1.4606596363736055,1.649170874849483,3.4165042050416736,2.459266366693357,4.393427024623858
Bull_education_Linnie,False,2017-09-10,5.002904857301997,alert,True,250.9430476809399,273.92364355201283,989.376988467262,0.2536374411433398,0.2768647813169518,1.461072381398414,1.389236568820638,5.002904857301997,2.5180531769647545,4.109900827115713
Bull_education_Linnie,False,2017-09-17,8.10380338166988,alert,False,354.0416693557367,327.01907417961905,808.5674700396826,0.4378628654679382,0.4044425311391388,4.530469242761647,4.582100322081454,8.10380338166988,5.904246866228769,6.0529252761284695
Bull_education_Linnie,False,2017-09-24,6.313642266525059,alert,False,233.6806860446559,228.23062109744905,543.0158456845238,0.4303386133236662,0.4203019541901992,1.960613675884593,4.173358839059685,6.313642266525059,4.061891920377931,4.48670735252303
Bull_education_Linnie,False,2017-10-01,5.05612528843889,alert,False,221.34874176650536,239.5631231424693,279.0206396081349,0.7933059793618648,0.8585856712210217,1.6539722419530456,1.5986670563595289,5.05612528843889,2.900511311683869,4.946583506271486
Bull_education_Linnie,False,2017-10-08,4.946756979701652,alert,True,254.24470167796525,274.5904740780104,692.1030909226191,0.3673509120426558,0.3967479378136618,0.5925099327695976,0.5159295912086563,4.946756979701652,2.3435703386508733,3.963803948268348
Bull_education_Linnie,False,2017-10-15,7.64658842269439,alert,False,167.469744092334,199.11271487179877,581.9637141617063,0.2877666425192281,0.3421393980870647,1.7409497594548258,1.74343692934101,7.64658842269439,0.6884877573188333,3.033847860326692
Bull_education_Linnie,False,2017-10-22,5.644434484081485,alert,False,136.49310684707396,158.71837547354738,711.045240327381,0.1919612130224365,0.2232183924056223,2.960288582489874,2.726152995685346,5.644434484081485,1.7393528660861572,5.1721659059701635
Bull_education_Linnie,False,2017-10-29,3.908110384384275,alert,False,222.56418456612917,282.9172794017378,967.0221781001984,0.2301541677186519,0.2925654507299451,1.3597705828907674,1.3810873720141992,3.908110384384275,0.5435597782259787,1.9925590995706248
Bull_education_Linnie,False,2017-11-05,5.211428329053347,alert,True,142.61912884136618,195.9163413908853,1319.307953546627,0.1081014697576639,0.1484993256231144,1.8136424990411997,2.0276858323043117,5.211428329053347,0.9935339233517584,4.620558608071123
Bull_education_Linnie,False,2017-11-12,7.7371997005044895,alert,False,132.6550186468584,163.29751750117904,1028.3873193948414,0.1289932461681069,0.1587898979513595,3.949466772582253,2.869931711862895,7.7371997005044895,4.152393341320824,6.994846163012129
Bull_education_Linnie,False,2017-11-19,7.935248106652109,alert,False,538.867014217609,552.2424150374422,1465.9697926091271,0.367583982244638,0.3767079088680016,3.4707276513843937,3.028259044447408,6.821296665295475,3.281826879656739,7.935248106652109
Bull_education_Linnie,False,2017-11-26,7.032904811086491,alert,False,408.7485687730659,422.6001190119125,986.2928048611112,0.4144292311152219,0.4284732859542889,2.074662239417954,2.1667314037318284,6.700558916535354,3.011412759553015,7.032904811086491
Bull_education_Linnie,False,2017-12-03,4.729155464487334,alert,True,308.39730546024526,321.1714699089971,996.85076765873,0.3093715884721317,0.3221861088228098,1.976852458442588,1.7605327430893891,4.228073379227025,2.487641662238459,4.729155464487334
Bull_education_Linnie,False,2017-12-10,10.619481782423904,alert,False,272.9886439604094,285.37926643415915,557.4909609871032,0.4896736683892613,0.511899360536468,6.707722185291842,6.718479125614255,10.619481782423904,5.7863644965073595,9.43153522380831
Bull_education_Linnie,False,2017-12-17,6.336047370598357,alert,False,302.9651293570329,306.55367464091944,394.32777998511904,0.7683078513222326,0.7774082633805004,4.075506075852931,4.14557022238982,6.336047370598357,4.26373026409208,4.21843721040891
Bull_education_Linnie,False,2017-12-24,12.43249610339454,alert,False,419.89321251583254,279.34444903086313,690.5481949652777,0.6080577946293028,0.4045256378447404,10.331594000762838,10.331363825399558,12.43249610339454,9.804653656496017,8.995819666132364
Bull_education_Linnie,True,2017-01-01,9.076179319786942,alert,False,187.07321380245244,187.07321380245244,358.678447296627,0.52156246134227,0.52156246134227,6.506712530987671,6.5186948210721205,9.076179319786942,5.6705587160089035,6.687770468347935
Bull_education_Linnie,True,2017-01-08,6.18999484924728,alert,False,177.6111147704624,177.6111147704624,686.778915252976,0.2586146878213916,0.2586146878213916,3.867586412545738,3.9814583073929466,6.18999484924728,2.85633064997789,4.1679694394042475
Bull_education_Linnie,True,2017-01-15,8.30878143797791,alert,False,274.6860763010241,274.6860763010241,670.9180249255952,0.4094182390337281,0.4094182390337281,5.0970017547476605,5.216793522333418,8.30878143797791,3.5876755736656207,6.863915691253327
Bull_education_Linnie,True,2017-01-22,7.874785149062764,alert,False,131.5888346964719,131.5888346964719,526.1325531001984,0.2501058600557865,0.2501058600557865,4.046352803583183,3.93669200414563,7.874785149062764,3.26453250143153,6.300816460508225
Bull_education_Linnie,True,2017-01-29,8.14967422230755,alert,True,133.3849300674318,133.3849300674318,208.12170719246032,0.6408986927254264,0.6408986927254264,4.101622899839468,4.075582371029103,8.14967422230755,3.369597380845907,7.044825116875954
Bull_education_Linnie,True,2017-02-05,5.197195582618115,alert,False,196.81119403151385,209.06484036444303,710.6632328125,0.276940166515467,0.2941827165267213,3.7070492361236393,3.6283513045197537,5.197195582618115,1.6790186515807135,4.35675365511881
Bull_education_Linnie,True,2017-02-12,6.333327782928314,alert,False,132.89023738484454,141.70210791713794,461.43914871031745,0.287990816895925,0.307087312190964,2.7905031112084133,2.7937508487769764,6.333327782928314,1.7729117057107344,4.367831735761692
Bull_education_Linnie,True,2017-02-19,8.099627174532483,alert,False,134.684158716261,139.16458097376986,689.8734234126983,0.1952302468038253,0.201724803784068,2.884301715284172,2.9157491158942586,8.099627174532483,0.4291899258096046,4.063361176399903
Bull_education_Linnie,True,2017-02-26,5.077203302247478,alert,True,181.8904481057335,190.25584404516303,719.6064203621032,0.2527637927607801,0.2643887528816475,1.628711086431105,1.5989571083017775,5.077203302247478,2.925247910973696,4.335605164579363
Bull_education_Linnie,True,2017-03-05,5.57824843302209,alert,False,258.37827311264766,283.97235898611245,761.4496027653771,0.3393241945025492,0.3729365120879995,2.536219104865286,2.6126620939643157,5.133796551212962,3.2626574217573854,5.57824843302209
Bull_education_Linnie,True,2017-03-12,6.589467917018274,alert,False,325.0820833888553,269.2932786696248,798.4280480654762,0.4071526347007745,0.3372793319599677,5.0040883457969,4.944882144095894,6.213234518396466,1.7423697309948103,6.589467917018274
Bull_education_Linnie,True,2017-03-19,8.071115072381701,alert,False,140.8880815190809,147.72142469638956,945.134217373512,0.1490667451556276,0.1562967692640534,2.9697751004075004,4.974646339879984,8.071115072381701,2.8510789566794283,5.062571853283176
Bull_education_Linnie,True,2017-03-26,6.353625170788384,alert,True,143.63357941753944,142.7633402475985,474.2208837549603,0.3028832856963715,0.3010481932326018,1.7356026638404891,1.5327675553297282,6.353625170788384,2.5516564782833813,5.411351861311202
Bull_education_Linnie,True,2017-04-02,8.146186657746362,alert,False,116.97538052041766,123.41767250313929,499.9092954613095,0.2339932095330901,0.2468801313031219,2.7205831968780485,2.741022303037576,8.146186657746362,1.4073892396225662,5.496216564525378
Bull_education_Linnie,True,2017-04-09,7.731369619314612,alert,False,116.55393863237909,124.54411247897728,758.9735369295636,0.1535678557435604,0.1640954610655095,3.0362909725389855,1.8945778281293553,7.731369619314612,3.9534068440951833,6.136104382441696
Bull_education_Linnie,True,2017-04-16,8.27010604270681,alert,False,138.01610200781528,149.89564426771787,501.34277956349206,0.2752928886858265,0.2989883376763272,2.868829015322774,2.9823618969813923,8.27010604270681,3.8648600099870114,7.081007780778082
Bull_education_Linnie,True,2017-04-23,4.872734307187386,alert,True,187.3035357207544,192.12954338106488,687.0886480902778,0.2726046140353992,0.2796284641218823,0.1762644823968898,0.2717982117990032,4.872734307187386,0.2974553260419161,2.8325372431794635
Bull_education_Linnie,True,2017-04-30,5.207190266967892,alert,False,157.1566332622972,176.82277685155316,605.1789661210317,0.2596862119475364,0.2921826215886521,0.4580625440659059,0.2706043818000279,5.207190266967892,1.1546761664225325,3.619815595873293
Bull_education_Linnie,True,2017-05-07,6.471740866475135,alert,False,147.22393805457713,151.7985745675165,528.1162710813492,0.2787718275620015,0.2874340043655538,1.760777966221889,1.5934364554792018,6.471740866475135,2.644903950658026,4.307669628626892
Bull_education_Linnie,True,2017-05-14,6.921040065591131,alert,False,182.4948072845086,183.0278407619652,435.8239874503968,0.4187351144945394,0.4199581620844044,3.0052111981169265,1.8922163857421983,6.921040065591131,2.53505392180715,6.314835625211485
Bull_education_Linnie,True,2017-05-21,3.9332931617713593,alert,True,413.7843938553538,442.10595262799774,784.768398611111,0.5272694397323752,0.5633585060387755,1.5687822963384268,1.5119850305019824,3.9332931617713593,1.1957648218991108,2.473424380983407
Bull_education_Linnie,True,2017-05-28,6.738313855286107,alert,False,483.1892246584914,482.25040603702945,841.7608671874999,0.5740219621671512,0.5729066589283599,2.6477683672108276,2.6633487017683124,5.255033816427657,4.608959156859423,6.738313855286107
Bull_education_Linnie,True,2017-06-04,7.216794420731489,alert,False,331.21933386497483,360.08818120912247,495.29820235615085,0.6687271068002123,0.7270128974750371,2.7528194041979996,2.7394267422174283,5.64760820009646,3.755343895154078,7.216794420731489
Bull_education_Linnie,True,2017-06-11,6.021617668439986,alert,False,454.2069071468458,471.2079347994521,429.31144950396833,1.0579892701944986,1.0975899555995805,2.9204482890523513,2.6983115905216737,3.6733593470257007,6.021617668439986,5.16097883566499
Bull_education_Linnie,True,2017-06-18,6.283390394464048,alert,True,450.48031716053407,467.3138289610871,289.28821956845235,1.5572024254307386,1.6153918388318946,3.926912580862984,3.912361569493504,4.133162596220392,6.283390394464048,4.098019834851438
Bull_education_Linnie,True,2017-06-25,6.464623368948623,alert,False,687.5370362626218,824.0918849437204,631.3682794196429,1.0889635394648105,1.3052475263743533,4.011312796483827,4.015952592932907,4.119900630551281,4.895916500757465,6.464623368948623
Bull_education_Linnie,True,2017-07-02,8.550407147598209,alert,False,1844.6224431410656,1849.1954937936323,1460.9993486259923,1.2625758148871555,1.265705898864857,5.805511827301623,6.000015806112682,8.550407147598209,6.496141067937198,4.838838113656208
Bull_education_Linnie,True,2017-07-09,7.859713833565223,alert,False,1835.876029997659,1835.738349784231,619.3227029761904,2.9643286467220604,2.9641063390095126,7.1694008293465625,7.14856889163261,7.859713833565223,6.219596669477358,4.943093011021436
Bull_education_Linnie,True,2017-07-16,7.817235695366256,alert,True,1892.8395109023825,1902.2708397587264,261.2732899603175,7.244672852666528,7.280770414946149,6.255782867545545,6.262876803322139,7.817235695366256,5.3278166148288335,4.745960967951467
Bull_education_Linnie,True,2017-07-23,7.935647981767698,alert,False,513.4563888500027,1762.0463986023142,268.9535104761905,1.9090897454393223,6.551490610710218,6.16097856163245,6.239277400487986,7.935647981767698,6.499138302947667,3.7930090736230033
Bull_education_Linnie,True,2017-07-30,8.814676704197794,alert,False,632.5720609646396,1599.430363137021,403.5021677380953,1.5677042443430655,3.963870558869407,6.121738590582223,6.121625969283699,8.814676704197794,6.428580269223966,3.8444889946312646
Bull_education_Linnie,True,2017-08-06,12.43249610339454,alert,False,817.0762883348888,1685.071973795154,661.1113061507937,1.2359133488310377,2.5488476117678194,5.605678014501487,5.641660078752466,12.43249610339454,4.869760159309326,6.1667386772861255
Bull_education_Linnie,True,2017-08-13,11.43120466615102,alert,True,691.869937202869,1414.6911003385344,781.7659989285715,0.8850089900956204,1.8096094000984968,6.461711072044368,7.78793453979509,11.43120466615102,7.556990247361551,4.890308668393348
Bull_education_Linnie,True,2017-08-20,7.382527124303145,alert,False,666.1692646578729,1890.9457065230756,916.7921932539682,0.7266306034887142,2.06256741760807,5.903514766914686,5.688750793821939,7.382527124303145,5.901970334537993,5.00388151866207
Bull_education_Linnie,True,2017-08-27,12.43249610339454,alert,False,644.1343992258328,1384.8385294910945,1131.7944156746034,0.5691266808750757,1.223577807340271,5.0581816876682675,5.10947465612511,12.43249610339454,4.6423700963140515,6.759847819993505
Bull_education_Linnie,True,2017-09-03,5.814577500957657,alert,False,1076.699753394537,1392.2288402029656,978.23482015873,1.1006557231522691,1.4232051563826569,2.343447476744102,3.514139777184506,5.814577500957657,2.459266366693357,4.393427024623858
Bull_education_Linnie,True,2017-09-10,8.669331937173194,alert,True,1065.7048504455404,1640.8546320819553,1566.3477348015876,0.680375645054663,1.0475672774473703,3.795913239051304,4.531388508356602,8.669331937173194,2.5180531769647545,4.109900827115713
Bull_education_Linnie,True,2017-09-17,12.43249610339454,alert,False,805.7257901595765,2375.3080266458983,1325.0415955952385,0.6080758467039871,1.792629027301484,6.76881600725608,6.8131753420167795,12.43249610339454,5.904246866228769,6.0529252761284695
Bull_education_Linnie,True,2017-09-24,11.366296096613215,alert,False,683.9242558684449,1959.4333927099092,843.5449289285714,0.8107739521795613,2.322855992031964,6.475028427005737,8.595057108338434,11.366296096613215,4.061891920377931,4.48670735252303
Bull_education_Linnie,True,2017-10-01,9.524343464369796,alert,False,457.32005985474336,1678.2992523580112,467.8739451587303,0.9774428873135766,3.5870756850728966,4.161933929751477,4.1317763093488695,9.524343464369796,2.900511311683869,4.946583506271486
Bull_education_Linnie,True,2017-10-08,7.064425192048316,alert,True,642.3029052023617,1366.7242635683033,1090.8836842857145,0.5887913757028338,1.2528597532955157,2.2187565016847945,2.188381824541362,7.064425192048316,2.3435703386508733,3.963803948268348
Bull_education_Linnie,True,2017-10-15,6.523407344338174,alert,False,677.238579589074,1090.0055958614355,945.3956972619048,0.7163546243657773,1.1529622982401508,0.6539604675568567,0.6375755497306386,6.523407344338174,0.6884877573188333,3.033847860326692
Bull_education_Linnie,True,2017-10-22,5.1721659059701635,alert,False,645.4612896147527,768.150770672745,1110.1017723015873,0.5814433466550639,0.6919642773654247,0.25952060594408,0.3652688067321036,3.1413972686202056,1.7393528660861572,5.1721659059701635
Bull_education_Linnie,True,2017-10-29,2.1735566397683175,alert,False,862.3101036894104,1109.3974984873066,1535.8322196428576,0.5614611366142143,0.7223428993730096,0.6220645370454702,0.4717187935382625,2.1735566397683175,0.5435597782259787,1.9925590995706248
Bull_education_Linnie,True,2017-11-05,4.620558608071123,alert,True,588.5593869063528,870.3124746282513,2143.1913863492064,0.2746182121928584,0.4060824806275349,0.8717749907734177,1.348138312683312,3.687009188976659,0.9935339233517584,4.620558608071123
Bull_education_Linnie,True,2017-11-12,6.994846163012129,alert,False,616.2656401104165,1201.804240919823,1636.218974920635,0.3766400766378525,0.7345008579784481,3.240276914106249,1.1384240513293409,5.816794288525838,4.152393341320824,6.994846163012129
Bull_education_Linnie,True,2017-11-19,7.935248106652109,alert,False,702.481286892648,792.5097106913865,2305.5429323809526,0.3046923468769197,0.3437410336457953,1.7218590346940752,0.3288801890358693,2.8260506322235774,3.281826879656739,7.935248106652109
Bull_education_Linnie,True,2017-11-26,7.032904811086491,alert,False,1003.669288244387,1129.5691084942555,1559.8553307142856,0.6434374191514215,0.7241499171445636,0.4091616229807051,0.5537788516976825,3.205669741686537,3.011412759553015,7.032904811086491
Bull_education_Linnie,True,2017-12-03,4.729155464487334,alert,True,703.1039514957412,806.4725775878917,1648.4807357539682,0.4265163287905584,0.4892217179711439,0.708056285470787,0.5120327591931444,1.6664029493638377,2.487641662238459,4.729155464487334
Bull_education_Linnie,True,2017-12-10,9.43153522380831,alert,False,592.9341042008932,682.1256539435634,918.689634920635,0.6454128594278921,0.7424984761066689,4.457037292571504,4.415279056733277,9.223680250673272,5.7863644965073595,9.43153522380831
Bull_education_Linnie,True,2017-12-17,4.26373026409208,alert,False,535.9958176748722,598.1181363561225,615.630244563492,0.8706456877454356,0.9715541782392668,0.6486166191443324,0.6585207666045063,3.8132173223374624,4.26373026409208,4.21843721040891
Bull_education_Linnie,True,2017-12-24,12.43249610339454,alert,False,403.9537334174714,265.9625701482173,1121.7655416666666,0.3601053147142458,0.2370928329221653,8.933604986641054,9.018232957268635,12.43249610339454,9.804653656496017,8.995819666132364
Cockatoo_lodging_Aimee,False,2017-01-01,11.431223963775398,alert,False,2.4528838043603627,2.4528838043603627,2.712516443452381,0.9042834782739352,0.9042834782739352,5.591905422490887,5.62181558821853,11.431223963775398,7.802643084804745,6.610158379032592
Cockatoo_lodging_Aimee,False,2017-01-08,11.200353132448434,alert,False,2.3922595365608577,2.3922595365608577,2.7142068452380954,0.8813843870292811,0.8813843870292811,5.699952508090567,5.761306076649728,11.200353132448434,5.420908247849818,4.274522696687238
Cockatoo_lodging_Aimee,False,2017-01-15,10.505466279098853,alert,False,2.5209580451036593,2.5209580451036593,3.1698557291666667,0.7952910985530568,0.7952910985530568,5.26089999229702,5.334484811275384,10.505466279098853,4.588805951469423,4.126566886268796
Cockatoo_lodging_Aimee,False,2017-01-22,10.673288387749675,alert,False,2.6887731715474397,2.6887731715474397,3.0839970486111112,0.8718468692304158,0.8718468692304158,5.43415614383866,5.320242823396216,10.673288387749675,5.77403132875414,5.228392564528699
Cockatoo_lodging_Aimee,False,2017-01-29,12.433288856884932,alert,True,2.641017495837653,2.641017495837653,2.806690451388889,0.9409721312625504,0.9409721312625504,6.77525467095798,7.666836038149203,12.433288856884932,9.170445788568497,8.315110533909516
Cockatoo_lodging_Aimee,False,2017-02-05,10.92381918971823,alert,False,2.407937995367741,2.911325457921255,2.967209768861753,0.811515930095986,0.9811660397161824,5.689899831372653,5.660840829299929,10.92381918971823,5.358425830154867,4.311265174333453
Cockatoo_lodging_Aimee,False,2017-02-12,10.51166505023715,alert,False,4.220818336302634,4.474662705381269,5.239433712121212,0.8055867424256073,0.8540355601845526,6.449140428836432,6.593235566942949,10.51166505023715,3.583265519355291,6.464769554168618
Cockatoo_lodging_Aimee,False,2017-02-19,5.315432869008614,alert,False,9.958711526850948,10.503714890334088,11.37356263736264,0.8756017656364027,0.9235202042875236,1.885709317220443,2.04864422787075,5.315432869008614,1.633953841618676,2.7734111199465485
Cockatoo_lodging_Aimee,False,2017-02-26,6.959266888263604,alert,True,5.947088631500781,6.238916259954105,7.618235391865079,0.7806386027204166,0.8189450626080887,3.576354182636978,3.343486593743212,6.959266888263604,2.864701137562432,3.359856892546489
Cockatoo_lodging_Aimee,False,2017-03-05,10.531391658877126,alert,False,2.5301859248258736,3.4338802623252387,3.9774055059523814,0.6361397954116891,0.8633467865386794,5.665415790655667,5.626742327631092,10.531391658877126,4.9497053899229435,4.587057225258522
Cockatoo_lodging_Aimee,False,2017-03-12,11.27206514932687,alert,False,2.107702297956694,2.675186851719201,2.6453714037698415,0.7967509949465202,1.0112707984621254,6.704216160794707,6.747675943974846,11.27206514932687,8.477919651814837,8.805757998949806
Cockatoo_lodging_Aimee,False,2017-03-19,8.08279997919987,alert,False,4.071024117878026,4.816879834724895,4.073351512896825,0.999428628977531,1.1825347798916814,3.3903798954869124,3.401793027500589,8.08279997919987,6.408601793813986,5.507792707211205
Cockatoo_lodging_Aimee,False,2017-03-26,10.498296850253528,alert,True,3.3224852703671437,4.045512570516431,4.81216259920635,0.6904349555676085,0.8406849284734561,6.428870547078654,6.420190296614264,10.498296850253528,4.624707087643366,5.407771636163034
Cockatoo_lodging_Aimee,False,2017-04-02,8.955549253816645,alert,False,5.0370651222914775,8.430195423404967,4.789462351190477,1.0516974042064358,1.7601548577387909,4.029955283975678,4.015478100918761,8.955549253816645,3.962853780806411,4.237979130428777
Cockatoo_lodging_Aimee,False,2017-04-09,4.695173097534137,alert,False,15.560058560036564,19.664911096499235,20.765898090277776,0.7493082404811331,0.9469810075638384,1.5053031138250523,1.4916971503542082,4.695173097534137,1.417255841308449,4.111779960404628
Cockatoo_lodging_Aimee,False,2017-04-16,5.136129239734005,alert,False,9.329437025076686,10.262316465567975,15.791569791666667,0.5907859160398291,0.6498604382563334,2.6307367506063892,2.668068547636303,4.4606519532519,3.072878601418024,5.136129239734005
Cockatoo_lodging_Aimee,False,2017-04-23,4.0961504968840154,alert,True,12.021053753949577,13.62556792270526,30.614957192460313,0.3926529662732978,0.4450624522206058,0.4881034668029054,0.3517953404400024,3.034306209829595,1.8994410892952052,4.0961504968840154
Cockatoo_lodging_Aimee,False,2017-04-30,5.506730290322752,alert,False,10.271583603620654,10.251310943272347,31.94330295138889,0.3215567162623065,0.3209220711731885,0.5635108159232259,0.6728022066673494,5.506730290322752,4.075573733922488,3.831905368700155
Cockatoo_lodging_Aimee,False,2017-05-07,6.475913913223615,alert,False,7.281579913620988,7.457761934875939,18.510041617063493,0.3933853885508533,0.4029035746738136,1.8279081823501349,1.7215517346921891,6.246437853946659,5.225215296371986,6.475913913223615
Cockatoo_lodging_Aimee,False,2017-05-14,5.255520622087044,alert,False,12.628221403796047,12.809806161787844,28.26649764384921,0.4467557871126617,0.4531798146055516,0.7748653114244634,0.68187401562083,4.927532628339441,3.7758199122472815,5.255520622087044
Cockatoo_lodging_Aimee,False,2017-05-21,9.09858729700189,alert,True,9.586033589124847,10.499797413535385,28.952483531746033,0.3310953818042546,0.3626561915499403,1.740583722448154,1.8487881332486664,9.09858729700189,6.501634509181969,6.879790786748925
Cockatoo_lodging_Aimee,False,2017-05-28,8.09346786809203,alert,False,12.25287009698647,12.519347907399045,16.707133308531745,0.7333915322701927,0.7493414744590475,1.5586984697843884,1.5600890451699752,8.09346786809203,5.354956570231422,6.522869554757824
Cockatoo_lodging_Aimee,False,2017-06-04,6.5371425595748205,alert,False,19.665049106422657,19.710104805521212,21.849926587301585,0.90000527131525,0.9020673239687697,1.3622495066296705,1.435575597111868,6.5371425595748205,4.720366324322543,5.485190428953874
Cockatoo_lodging_Aimee,False,2017-06-11,6.838145744438859,alert,False,52.325966911125946,51.7917043818939,37.61764804067461,1.390995174779342,1.376792731057864,0.2051841784791811,0.1656000273182538,3.1993714688228145,6.340934182192752,6.838145744438859
Cockatoo_lodging_Aimee,False,2017-06-18,8.867575323060269,alert,True,49.71961218008767,48.44769700694016,21.64504241071429,2.297043878993579,2.238281454369365,0.6177802047144328,0.4920152471283706,4.0568139773990834,7.7430704561923935,8.867575323060269
Cockatoo_lodging_Aimee,False,2017-06-25,7.632734029021209,alert,False,32.518646478543225,35.25771177712585,29.041173635912696,1.1197428480758864,1.2140594667126572,0.4532133853811282,0.4400498765635442,4.334536367536486,6.140200226115242,7.632734029021209
Cockatoo_lodging_Aimee,False,2017-07-02,7.78741993480604,alert,False,41.56301542913837,45.79160199918135,29.23177390873016,1.4218437635331274,1.566500963716935,0.3824797172094099,0.392513673557789,5.456002222512097,6.405321877023595,7.78741993480604
Cockatoo_lodging_Aimee,False,2017-07-09,7.771947668383119,alert,False,35.6761815003021,34.72614479361633,29.0631637636612,1.2275394994989983,1.1948508110130724,0.6290337389437344,0.5908638329027041,7.496362503939896,6.5916776648032425,7.771947668383119
Cockatoo_lodging_Aimee,False,2017-07-16,9.230085197623106,alert,True,29.88429390748625,29.915828235080088,34.078751195355196,0.8769186915381852,0.8778440284853367,2.125219945230948,2.0533297770143024,7.805569136586787,7.602937583984335,9.230085197623106
Cockatoo_lodging_Aimee,False,2017-07-23,8.983694476918377,alert,False,21.509893519875902,22.27156544142264,44.37103757440477,0.4847732822070357,0.5019392526955442,0.8129917598830343,1.005678560047366,8.983694476918377,6.530846946886372,7.629352396137609
Cockatoo_lodging_Aimee,False,2017-07-30,8.021054985856502,alert,False,21.038221847036343,22.374437754700928,40.75761282242063,0.516178951370363,0.5489634010751685,2.014476056876424,2.9801357683245455,8.021054985856502,5.407662940238104,7.673360512204645
Cockatoo_lodging_Aimee,False,2017-08-06,8.034432388622278,alert,False,16.13614392050762,17.42303537178727,41.345494667658734,0.3902757495154516,0.4214010622399425,0.9209734567874194,0.8715756932944922,8.034432388622278,5.1399978891973985,7.681677359656995
Cockatoo_lodging_Aimee,False,2017-08-13,7.931719735414939,alert,True,17.592864923617547,20.98836247988354,25.825275099206355,0.6812266222154667,0.8127062499531145,1.8640076720589005,1.894511550043556,7.6612911288240815,6.214382415195298,7.931719735414939
Cockatoo_lodging_Aimee,False,2017-08-20,7.598095638126723,alert,False,15.41380962302264,16.662456991930476,33.12888454861111,0.4652679929626198,0.5029585879198891,0.7692359042494844,0.8669126534250848,7.598095638126723,4.799049567658787,6.200962404221624
Cockatoo_lodging_Aimee,False,2017-08-27,9.529938065418508,alert,False,15.77120485697722,14.68685520238279,30.610860267857134,0.515215995858102,0.4797923048835281,0.9545408854002568,0.9430968352575044,9.529938065418508,5.094860408872408,6.637521193371634
Cockatoo_lodging_Aimee,False,2017-09-03,6.986806847592281,alert,False,14.950499269970036,15.47470532373032,25.735384424603176,0.5809316473888485,0.6013007254298642,1.73001615256614,0.874881441759519,6.656366588722349,5.207865344385666,6.986806847592281
Cockatoo_lodging_Aimee,False,2017-09-10,7.574852090932142,alert,True,17.868635472027425,18.31514149406773,40.96490277777778,0.4361937722386251,0.4470934935064252,1.8818455324634489,1.7424153289984612,7.574852090932142,3.797474751034327,5.0212123660833905
Cockatoo_lodging_Aimee,False,2017-09-17,9.142338619280444,alert,False,16.589954467139144,19.474227754640005,34.06022318948413,0.4870770920920208,0.5717586654174523,1.3499047188505406,1.2655989158360186,9.142338619280444,6.198340380777624,7.920479852249067
Cockatoo_lodging_Aimee,False,2017-09-24,5.453433126042274,alert,False,14.663464661026447,16.115750006339738,40.24223045634921,0.3643800180740956,0.4004686078178621,1.119568613435986,1.5725604067305026,5.453433126042274,3.925315734100422,5.191982823081702
Cockatoo_lodging_Aimee,False,2017-10-01,5.609787282826347,alert,False,15.44928205057696,16.36581385162082,59.84934295634921,0.2581362014591339,0.2734501841324663,0.8746475252328313,0.7164782596081729,5.609787282826347,2.4755005294629453,5.133979870371199
Cockatoo_lodging_Aimee,False,2017-10-08,7.703108486110788,alert,True,14.304373308491323,16.177220569813386,33.41811817956349,0.4280424538458606,0.4840853241014151,0.7464045692378796,0.8009132697634447,7.703108486110788,5.423348254515902,6.189855817139192
Cockatoo_lodging_Aimee,False,2017-10-15,9.249369221642654,alert,False,10.911288773559049,11.463498902544346,23.984276711309526,0.4549350770462863,0.4779589161902413,1.5897674710073852,1.6294611591058938,9.249369221642654,1.7058646100462989,3.1145982123884264
Cockatoo_lodging_Aimee,False,2017-10-22,5.377695169850849,alert,False,10.492756060215312,11.358315403729929,21.38607663690476,0.4906349228221013,0.5311079538604812,1.7115571397494342,1.8015801326463992,5.377695169850849,3.82300015729525,5.05278833570397
Cockatoo_lodging_Aimee,False,2017-10-29,7.597560734440906,alert,False,8.149923278699486,8.23162073836829,22.221871999007934,0.3667523275745323,0.3704287712005442,2.9297280865429647,2.0322761571948806,7.597560734440906,4.462940156004221,5.131195218722346
Cockatoo_lodging_Aimee,False,2017-11-05,9.328955136397608,alert,True,5.576960040522615,5.858772635488443,9.519153745039684,0.5858672094070024,0.6154720043828875,4.067354211253107,3.974389465182789,9.328955136397608,3.8104917590838374,2.7545214751499456
Cockatoo_lodging_Aimee,False,2017-11-12,9.137491285190952,alert,False,5.689391414382006,5.740561011691109,7.87359072420635,0.7225917137006751,0.7290906033561646,3.425428603899368,3.534237989313934,9.137491285190952,7.594779209289635,5.194032390608035
Cockatoo_lodging_Aimee,False,2017-11-19,10.605519016628794,alert,False,5.590190758519481,5.806986218141009,6.906531646825397,0.8094063770907391,0.8407962947379244,4.2077361100353885,4.206936056348988,10.605519016628794,5.449538857436022,5.718028542657741
Cockatoo_lodging_Aimee,False,2017-11-26,9.051572290267735,alert,False,6.039034244662298,6.186886806503175,6.512138219246031,0.9273504402616152,0.950054590091223,3.2689342993494144,3.2572127091860987,9.051572290267735,4.23633438751555,7.837386233722908
Cockatoo_lodging_Aimee,False,2017-12-03,10.880606798973552,alert,True,5.131220516758252,5.180654385256756,6.167991195436508,0.8319111286272056,0.8399257101874189,4.542708338986437,4.520990981372694,10.880606798973552,5.206388467168111,4.04159941638385
Cockatoo_lodging_Aimee,False,2017-12-10,11.169381141258224,alert,False,4.671521210817596,4.793317375702032,5.527321205357143,0.8451691221219247,0.8672044192141926,5.745972788457664,5.721341495942113,11.169381141258224,9.262973878012977,8.053884907596492
Cockatoo_lodging_Aimee,False,2017-12-17,12.433288856884932,alert,False,4.928360588604278,5.036848158686613,5.7481394593253965,0.857383614903225,0.876257125340821,4.6379658597519136,4.78529215838711,12.433288856884932,5.391480841728094,5.526870127271598
Cockatoo_lodging_Aimee,False,2017-12-24,12.433288856884932,alert,False,4.790571649090058,4.818227313436987,5.216499206349206,0.9183499238836776,0.9236514993757756,5.819720900855746,4.809104057545282,12.433288856884932,9.754112825583457,8.815332895582289
Cockatoo_lodging_Aimee,True,2017-01-01,11.431223963775398,alert,False,2.4528838043603627,2.4528838043603627,2.712516443452381,0.9042834782739352,0.9042834782739352,5.591905422490887,5.62181558821853,11.431223963775398,7.802643084804745,6.610158379032592
Cockatoo_lodging_Aimee,True,2017-01-08,11.200353132448434,alert,False,2.3922595365608577,2.3922595365608577,2.7142068452380954,0.8813843870292811,0.8813843870292811,5.699952508090567,5.761306076649728,11.200353132448434,5.420908247849818,4.274522696687238
Cockatoo_lodging_Aimee,True,2017-01-15,10.505466279098853,alert,False,2.5209580451036593,2.5209580451036593,3.1698557291666667,0.7952910985530568,0.7952910985530568,5.26089999229702,5.334484811275384,10.505466279098853,4.588805951469423,4.126566886268796
Cockatoo_lodging_Aimee,True,2017-01-22,10.673288387749675,alert,False,2.6887731715474397,2.6887731715474397,3.0839970486111112,0.8718468692304158,0.8718468692304158,5.43415614383866,5.320242823396216,10.673288387749675,5.77403132875414,5.228392564528699
Cockatoo_lodging_Aimee,True,2017-01-29,12.433288856884932,alert,True,2.641017495837653,2.641017495837653,2.806690451388889,0.9409721312625504,0.9409721312625504,6.77525467095798,7.666836038149203,12.433288856884932,9.170445788568497,8.315110533909516
Cockatoo_lodging_Aimee,True,2017-02-05,10.92381918971823,alert,False,2.407937995367741,2.911325457921255,2.967209768861753,0.811515930095986,0.9811660397161824,5.689899831372653,5.660840829299929,10.92381918971823,5.358425830154867,4.311265174333453
Cockatoo_lodging_Aimee,True,2017-02-12,10.51166505023715,alert,False,4.220818336302634,4.474662705381269,5.239433712121212,0.8055867424256073,0.8540355601845526,6.449140428836432,6.593235566942949,10.51166505023715,3.583265519355291,6.464769554168618
Cockatoo_lodging_Aimee,True,2017-02-19,5.315432869008614,alert,False,9.958711526850948,10.503714890334088,11.37356263736264,0.8756017656364027,0.9235202042875236,1.885709317220443,2.04864422787075,5.315432869008614,1.633953841618676,2.7734111199465485
Cockatoo_lodging_Aimee,True,2017-02-26,6.959266888263604,alert,True,5.947088631500781,6.238916259954105,7.618235391865079,0.7806386027204166,0.8189450626080887,3.576354182636978,3.343486593743212,6.959266888263604,2.864701137562432,3.359856892546489
Cockatoo_lodging_Aimee,True,2017-03-05,10.531391658877126,alert,False,2.5301859248258736,3.4338802623252387,3.9774055059523814,0.6361397954116891,0.8633467865386794,5.665415790655667,5.626742327631092,10.531391658877126,4.9497053899229435,4.587057225258522
Cockatoo_lodging_Aimee,True,2017-03-12,11.27206514932687,alert,False,2.107702297956694,2.675186851719201,2.6453714037698415,0.7967509949465202,1.0112707984621254,6.704216160794707,6.747675943974846,11.27206514932687,8.477919651814837,8.805757998949806
Cockatoo_lodging_Aimee,True,2017-03-19,8.08279997919987,alert,False,4.071024117878026,4.816879834724895,4.073351512896825,0.999428628977531,1.1825347798916814,3.3903798954869124,3.401793027500589,8.08279997919987,6.408601793813986,5.507792707211205
Cockatoo_lodging_Aimee,True,2017-03-26,10.498296850253528,alert,True,3.3224852703671437,4.045512570516431,4.81216259920635,0.6904349555676085,0.8406849284734561,6.428870547078654,6.420190296614264,10.498296850253528,4.624707087643366,5.407771636163034
Cockatoo_lodging_Aimee,True,2017-04-02,8.955549253816645,alert,False,5.0370651222914775,8.430195423404967,4.789462351190477,1.0516974042064358,1.7601548577387909,4.029955283975678,4.015478100918761,8.955549253816645,3.962853780806411,4.237979130428777
Cockatoo_lodging_Aimee,True,2017-04-09,4.695173097534137,alert,False,15.560058560036564,19.664911096499235,20.765898090277776,0.7493082404811331,0.9469810075638384,1.5053031138250523,1.4916971503542082,4.695173097534137,1.417255841308449,4.111779960404628
Cockatoo_lodging_Aimee,True,2017-04-16,5.136129239734005,alert,False,9.329437025076686,10.262316465567975,15.791569791666667,0.5907859160398291,0.6498604382563334,2.6307367506063892,2.668068547636303,4.4606519532519,3.072878601418024,5.136129239734005
Cockatoo_lodging_Aimee,True,2017-04-23,4.0961504968840154,alert,True,12.021053753949577,13.62556792270526,30.614957192460313,0.3926529662732978,0.4450624522206058,0.4881034668029054,0.3517953404400024,3.034306209829595,1.8994410892952052,4.0961504968840154
Cockatoo_lodging_Aimee,True,2017-04-30,5.506730290322752,alert,False,10.271583603620654,10.251310943272347,31.94330295138889,0.3215567162623065,0.3209220711731885,0.5635108159232259,0.6728022066673494,5.506730290322752,4.075573733922488,3.831905368700155
Cockatoo_lodging_Aimee,True,2017-05-07,6.475913913223615,alert,False,7.281579913620988,7.457761934875939,18.510041617063493,0.3933853885508533,0.4029035746738136,1.8279081823501349,1.7215517346921891,6.246437853946659,5.225215296371986,6.475913913223615
Cockatoo_lodging_Aimee,True,2017-05-14,5.255520622087044,alert,False,12.628221403796047,12.809806161787844,28.26649764384921,0.4467557871126617,0.4531798146055516,0.7748653114244634,0.68187401562083,4.927532628339441,3.7758199122472815,5.255520622087044
Cockatoo_lodging_Aimee,True,2017-05-21,9.09858729700189,alert,True,9.586033589124847,10.499797413535385,28.952483531746033,0.3310953818042546,0.3626561915499403,1.740583722448154,1.8487881332486664,9.09858729700189,6.501634509181969,6.879790786748925
Cockatoo_lodging_Aimee,True,2017-05-28,8.09346786809203,alert,False,12.25287009698647,12.519347907399045,16.707133308531745,0.7333915322701927,0.7493414744590475,1.5586984697843884,1.5600890451699752,8.09346786809203,5.354956570231422,6.522869554757824
Cockatoo_lodging_Aimee,True,2017-06-04,6.5371425595748205,alert,False,19.665049106422657,19.710104805521212,21.849926587301585,0.90000527131525,0.9020673239687697,1.3622495066296705,1.435575597111868,6.5371425595748205,4.720366324322543,5.485190428953874
Cockatoo_lodging_Aimee,True,2017-06-11,6.838145744438859,alert,False,52.325966911125946,51.7917043818939,37.61764804067461,1.390995174779342,1.376792731057864,0.2051841784791811,0.1656000273182538,3.1993714688228145,6.340934182192752,6.838145744438859
Cockatoo_lodging_Aimee,True,2017-06-18,8.867575323060269,alert,True,49.71961218008767,48.44769700694016,21.64504241071429,2.297043878993579,2.238281454369365,0.6177802047144328,0.4920152471283706,4.0568139773990834,7.7430704561923935,8.867575323060269
Cockatoo_lodging_Aimee,True,2017-06-25,7.632734029021209,alert,False,35.54584890788332,38.01269609127117,32.151656254960315,1.1055682054450726,1.1822935586842938,0.4132888973991694,0.4400498765635442,4.33711886527197,6.140200226115242,7.632734029021209
Cockatoo_lodging_Aimee,True,2017-07-02,7.78741993480604,alert,False,77.63275481141325,78.74836072637989,77.89203103670636,0.9966713382377856,1.0109938035801118,2.7704598225345554,2.7645633883480514,6.506689861267255,6.405321877023595,7.78741993480604
Cockatoo_lodging_Aimee,True,2017-07-09,9.436517261604456,alert,False,103.46644986330104,104.764981896087,91.25347730158732,1.1338356950645352,1.1480656408286225,1.8143229039037037,1.7735113470861092,9.436517261604456,6.5916776648032425,7.771947668383119
Cockatoo_lodging_Aimee,True,2017-07-16,9.45977206910755,alert,True,100.62246688640968,101.779259274702,76.45503682539683,1.3160999074031563,1.331230269460716,3.784632453996751,3.712561631453398,9.45977206910755,7.602937583984335,9.230085197623106
Cockatoo_lodging_Aimee,True,2017-07-23,9.22701148235344,alert,False,43.09944693036602,59.805236375257536,70.7318225,0.6093360160536796,0.8455209304872291,2.261633579376658,2.185715546580208,9.22701148235344,6.530846946886372,7.629352396137609
Cockatoo_lodging_Aimee,True,2017-07-30,9.357745607756724,alert,False,58.26858042144945,86.65312489238603,65.49721111111111,0.889634526920561,1.3230048031417017,4.821199743774136,5.684882966707657,9.357745607756724,5.407662940238104,7.673360512204645
Cockatoo_lodging_Aimee,True,2017-08-06,7.681677359656995,alert,False,39.108053254967686,51.15281149503714,66.17150253968255,0.5910105068494536,0.7730338519117227,1.2185309805540032,1.2288970955941336,7.66840307831435,5.1399978891973985,7.681677359656995
Cockatoo_lodging_Aimee,True,2017-08-13,9.381152506036363,alert,True,54.575032246258615,71.79371749861336,41.89512757936508,1.3026582182587472,1.713653153642011,3.7024088167261575,3.5307812810974406,9.381152506036363,6.214382415195298,7.931719735414939
Cockatoo_lodging_Aimee,True,2017-08-20,8.99047401219237,alert,False,34.72579647201479,67.52327969722651,52.853099801587305,0.6570247838324876,1.2775651749984704,1.4916520183305946,2.556381021354849,8.99047401219237,4.799049567658787,6.200962404221624
Cockatoo_lodging_Aimee,True,2017-08-27,7.666905537190165,alert,False,39.57544317367038,46.47506059260147,48.73683126984128,0.8120233126062909,0.9535921680111484,1.970352875368512,2.006241073262342,7.666905537190165,5.094860408872408,6.637521193371634
Cockatoo_lodging_Aimee,True,2017-09-03,7.696525714608419,alert,False,39.822684511746665,41.325628609331176,41.23204115079365,0.9658188971559112,1.0022697750566183,2.989778935089068,2.025888371719829,7.696525714608419,5.207865344385666,6.986806847592281
Cockatoo_lodging_Aimee,True,2017-09-10,7.718562923798002,alert,True,46.8524964137676,56.73111631070278,64.02116265873016,0.7318282653427979,0.8861306785868988,1.129409763572479,1.1116683262379208,7.718562923798002,3.797474751034327,5.0212123660833905
Cockatoo_lodging_Aimee,True,2017-09-17,11.11410847933373,alert,False,29.071870261564904,73.29873061210024,56.40655654761905,0.5153987770379513,1.2994718184972105,4.674244948336378,3.7343252394256776,11.11410847933373,6.198340380777624,7.920479852249067
Cockatoo_lodging_Aimee,True,2017-09-24,8.008982484810074,alert,False,29.368559009749266,73.02812099067484,61.82968273809524,0.4749912616267455,1.1811175111477628,3.5782945133855124,3.8239017454188726,8.008982484810074,3.925315734100422,5.191982823081702
Cockatoo_lodging_Aimee,True,2017-10-01,6.2884042973369105,alert,False,31.7717633683682,46.489246205454045,96.68531849206347,0.3286100088812989,0.4808304604102862,1.851614561821912,1.842368147914787,6.2884042973369105,2.4755005294629453,5.133979870371199
Cockatoo_lodging_Aimee,True,2017-10-08,7.494837343500465,alert,True,28.578153822783076,40.17205235521515,54.01666103174603,0.5290618353101733,0.743697436826125,1.1653275110777364,1.1223293540321002,7.494837343500465,5.423348254515902,6.189855817139192
Cockatoo_lodging_Aimee,True,2017-10-15,8.170940982101339,alert,False,26.268000928314695,32.41796063250812,38.652524523809525,0.6795934095361326,0.8387022848284855,1.8315915442934627,1.783159558381259,8.170940982101339,1.7058646100462989,3.1145982123884264
Cockatoo_lodging_Aimee,True,2017-10-22,6.545799934655706,alert,False,19.178130317241184,22.42821897689464,34.58708349206349,0.5544882187491144,0.6484564962536121,0.8506634781891563,0.9943740536621286,6.545799934655706,3.82300015729525,5.05278833570397
Cockatoo_lodging_Aimee,True,2017-10-29,8.921923563601588,alert,False,12.188265104883705,12.284866491444888,35.910379841269844,0.3394078580833164,0.3420979267205233,2.418841920594554,1.4636626496410354,8.921923563601588,4.462940156004221,5.131195218722346
Cockatoo_lodging_Aimee,True,2017-11-05,9.296145509479306,alert,True,8.878758918192966,9.32634846468277,15.354471428571427,0.578252332520641,0.6074027691587225,3.554861407176988,3.622619070435108,9.296145509479306,3.8104917590838374,2.7545214751499456
Cockatoo_lodging_Aimee,True,2017-11-12,9.077567142837106,alert,False,9.11549208421523,9.288362218616305,12.573342936507938,0.7249855611388362,0.7387345008817527,3.5746970347337745,3.613686401282774,9.077567142837106,7.594779209289635,5.194032390608035
Cockatoo_lodging_Aimee,True,2017-11-19,9.179023016767417,alert,False,8.956928348511704,9.025793704623224,11.003884325396823,0.8139787809145929,0.8202370579079795,4.526552632648944,4.370122537432509,9.179023016767417,5.449538857436022,5.718028542657741
Cockatoo_lodging_Aimee,True,2017-11-26,9.065554004986078,alert,False,9.66578256868366,9.794727246494755,10.503859761904762,0.9202124540675394,0.9324883869849562,3.604555748705673,3.616369910289755,9.065554004986078,4.23633438751555,7.837386233722908
Cockatoo_lodging_Aimee,True,2017-12-03,9.567086505635736,alert,True,8.352602618533721,8.430997437863338,9.902746666666664,0.8434632228499961,0.8513796951145547,4.472224136203837,4.489778639213165,9.567086505635736,5.206388467168111,4.04159941638385
Cockatoo_lodging_Aimee,True,2017-12-10,9.360647410013662,alert,False,7.579038865009352,7.91771314801379,9.06427777777778,0.8361437117020313,0.8735073374985333,4.617440488687671,4.643970381862456,9.360647410013662,9.262973878012977,8.053884907596492
Cockatoo_lodging_Aimee,True,2017-12-17,9.622958111884287,alert,False,7.746491606677481,7.879494585442324,8.957425277777778,0.8648123055958427,0.8796606548301708,4.428471157692658,4.461571958470313,9.622958111884287,5.391480841728094,5.526870127271598
Cockatoo_lodging_Aimee,True,2017-12-24,9.754112825583457,alert,False,7.452332543206986,7.561492227067872,8.446760674603176,0.882271065831647,0.8951943257730699,4.549779914777196,4.4949146961549395,9.654311608212204,9.754112825583457,8.815332895582289
Eagle_education_Raul,False,2017-01-01,8.903073956540833,alert,False,32813.07334650116,32813.07334650116,64504.462784251,0.5086946225139726,0.5086946225139726,5.545007390192681,5.542245021798598,8.903073956540833,6.611991555197939,5.672551185731005
Eagle_education_Raul,False,2017-01-08,6.31904437802448,alert,False,55459.0525847677,55459.0525847677,112473.68447378471,0.4930846966046893,0.4930846966046893,4.041634989351414,4.034197241680301,6.31904437802448,4.304826618441015,4.246880166373757
Eagle_education_Raul,False,2017-01-15,7.856808572152301,alert,False,72213.3886099154,72213.3886099154,119006.37657881944,0.6068026830653697,0.6068026830653697,5.191923895269022,5.1232500652194055,7.554232427227913,7.856808572152301,6.341294528595916
Eagle_education_Raul,False,2017-01-22,7.826364363577674,alert,False,72244.41284712507,72244.41284712507,98465.86866912204,0.7337000508256344,0.7337000508256344,5.370604390588078,5.530830910086957,7.826364363577674,6.809762820140918,6.254025880086161
Eagle_education_Raul,False,2017-01-29,9.133311164433431,alert,True,47937.71465002497,47937.71465002497,76698.92163405259,0.6250115859352801,0.6250115859352801,5.455792051239515,5.403194377135879,7.6801816294838785,7.946294858212969,9.133311164433431
Eagle_education_Raul,False,2017-02-05,5.274443127149968,alert,False,142174.3169299858,146782.51237388188,195628.107950248,0.726758124993692,0.7503140213941624,4.13589666068353,4.299448956103088,5.274443127149968,4.53326523073301,5.150403893522282
Eagle_education_Raul,False,2017-02-12,7.527845117423641,alert,False,104832.14819936952,105373.01079457952,282326.85722254467,0.3713148271853407,0.3732305591866489,3.925694982960685,3.9940732338520055,6.4055803034827585,4.877597758191879,7.527845117423641
Eagle_education_Raul,False,2017-02-19,8.927028312435642,alert,False,132204.08433304893,133943.67531686396,327383.48416411213,0.4038202619493692,0.4091338805891629,5.508530238965891,3.3463384736880277,8.927028312435642,2.8609878437249225,2.8421463134559604
Eagle_education_Raul,False,2017-02-26,6.289347387302693,alert,True,128692.27985552009,127195.67792691792,403208.65567145345,0.3191704296159317,0.3154586989584886,3.413507689615108,3.218327657670546,6.289347387302693,2.7434456286840403,2.9061450477929256
Eagle_education_Raul,False,2017-03-05,6.481733113303068,alert,False,92066.44982172154,84538.01261253732,146723.25042527282,0.6274837120556542,0.5761732538469976,4.420638626251681,4.354821179876604,6.481733113303068,3.9753627617547393,4.318053270331509
Eagle_education_Raul,False,2017-03-12,9.73614346673034,alert,False,47970.226589404774,46491.36016848827,202639.57857552083,0.2367268375043869,0.2294288238028565,5.064961120188048,6.204151774681826,9.73614346673034,8.489505522586956,8.11918583033393
Eagle_education_Raul,False,2017-03-19,7.763782137181489,alert,False,110037.6943669379,119499.41121866152,214836.45644441963,0.5121928381620173,0.5562343244549708,4.23370442991543,5.4709052896646035,7.763782137181489,4.024509112383506,4.2546159702366095
Eagle_education_Raul,False,2017-03-26,6.605586849805238,alert,True,200443.1138280179,204107.61555623435,370337.2810083333,0.5412447628342002,0.551139801535783,5.008355208469218,6.192630544612744,6.310895062523337,6.605586849805238,5.416134262847459
Eagle_education_Raul,False,2017-04-02,6.414839101982422,alert,False,187452.68594669012,183297.6410730791,270814.5689062748,0.6921809513562948,0.6768381841987088,4.03234330965981,3.990616720063408,6.414839101982422,5.2591308402589565,2.834750984863602
Eagle_education_Raul,False,2017-04-09,8.199051984953197,alert,False,144898.04808547994,151727.33548555698,408686.8114125992,0.3545454466334485,0.371255766637346,3.4389644047326073,3.150752051782086,8.199051984953197,1.5947434531034324,3.8590691060969826
Eagle_education_Raul,False,2017-04-16,6.539670256506345,alert,False,329573.58035271603,325085.3607227596,621590.2675474703,0.5302103291498959,0.5229897855470093,5.116767741664356,5.137086334839524,6.539670256506345,3.0963071556390815,6.021706065150271
Eagle_education_Raul,False,2017-04-23,4.05596469415254,alert,True,325530.64635053795,327203.10224867106,777783.1898080108,0.4185364901379425,0.420686775616015,2.859324318013049,3.966362977789484,4.05596469415254,3.606050280701674,3.9152190002482494
Eagle_education_Raul,False,2017-04-30,6.138014779904173,alert,False,350944.4756635534,362282.7169341937,1187853.6099792907,0.2954442135926765,0.3049893639170821,2.995697248928412,3.244687704863333,6.138014779904173,4.078284770072578,4.857997542907334
Eagle_education_Raul,False,2017-05-07,6.797187798884139,alert,False,217679.22450665303,205245.34614452897,765244.7021497767,0.2844570160304723,0.2682087776209884,4.16750879857067,5.26818770347994,6.552655453909995,6.60453055641351,6.797187798884139
Eagle_education_Raul,False,2017-05-14,5.3105653448348225,alert,False,332832.65174907935,340196.16489094356,1032373.4129682044,0.3223956056676656,0.3295282119992188,3.067054953026888,1.699101154505838,5.068805950667559,3.511392619698495,5.3105653448348225
Eagle_education_Raul,False,2017-05-21,9.120832605325372,alert,True,320342.14904747996,317885.32948882197,794354.7996554564,0.4032733851251672,0.4001805359855591,6.7080606119119786,6.617267687230203,9.120832605325372,6.4979328156367,6.783308882091144
Eagle_education_Raul,False,2017-05-28,9.14344206900447,alert,False,246759.0225399098,294020.1664812796,551104.1885479166,0.4477538506649455,0.5335110358278752,6.000431147218871,6.851624042896638,9.14344206900447,5.367165269752772,6.557581805817644
Eagle_education_Raul,False,2017-06-04,8.961476346680868,alert,False,231251.47476367367,206742.36720320128,442600.4349742064,0.5224836138652923,0.467108368782443,6.620150348702431,5.693960843390862,8.961476346680868,3.933183876017492,7.628964975082198
Eagle_education_Raul,False,2017-06-11,9.59639727247679,alert,False,368760.2530680914,407108.0532042883,1173830.6136538442,0.3141511635313651,0.3468201020393067,9.59639727247679,8.04529199553922,9.457543449466122,6.311800245691408,6.594078282026818
Eagle_education_Raul,False,2017-06-18,10.851696175737567,alert,True,271064.5862082016,260460.86813978344,495479.5326263145,0.547075243999303,0.5256743235370336,9.73866830369974,9.827000026874964,10.851696175737567,7.583434785128172,7.76549564646634
Eagle_education_Raul,False,2017-06-25,7.583711505777285,alert,False,268992.1461028717,302279.5035468607,1029730.768414881,0.2612257051587819,0.2935519776807053,6.242786708832662,5.3871332431542545,7.583711505777285,6.187781174000352,6.072539631921154
Eagle_education_Raul,False,2017-07-02,12.43249610339454,alert,False,235600.268572117,343573.7579891348,1076818.492630853,0.2187929258128776,0.3190637608291114,10.799163236703595,10.928119757265623,12.43249610339454,7.802815096218714,8.910073761940362
Eagle_education_Raul,False,2017-07-09,10.565980287289946,alert,False,393336.080765773,427263.55185378995,443455.7417172371,0.8869793392292524,0.9634863452196052,8.333736218828872,8.32236695172572,10.565980287289946,6.491483089841897,7.8775448375024
Eagle_education_Raul,False,2017-07-16,10.94593916938673,alert,True,341773.80558327195,362512.4131946532,467723.8101772569,0.7307171414979864,0.7750565725043356,9.895391330839056,9.80599178439762,10.94593916938673,7.803588045132333,10.61635688083767
Eagle_education_Raul,False,2017-07-23,10.673778532099028,alert,False,256958.54787632189,280729.3772812078,641565.9067069691,0.4005177725157486,0.4375690390440729,9.283171848243311,9.417674698037503,10.673778532099028,7.559523364865548,7.778812433209242
Eagle_education_Raul,False,2017-07-30,7.78862111872505,alert,False,300903.50545239414,272188.5525933494,615229.0549042906,0.489091831820597,0.4424182350030478,6.571329567351032,6.604567934624222,7.78862111872505,6.223747128707558,7.496901727753856
Eagle_education_Raul,False,2017-08-06,8.935181999998463,alert,False,286071.44195560575,304883.3251972376,662249.3535786209,0.4319693789201168,0.4603754213571194,6.725735099049813,6.810653238432728,8.935181999998463,6.257160999378239,7.537204783803733
Eagle_education_Raul,False,2017-08-13,9.72113101867044,alert,True,280632.27216758375,348852.4321238893,801282.7107803323,0.350228787407991,0.4353674769597336,8.416406878793211,8.494514088185289,9.72113101867044,7.549183390094821,9.054341528362224
Eagle_education_Raul,False,2017-08-20,9.223190412101236,alert,False,224786.7997648767,212609.8177804278,902072.8092507194,0.2491891978781505,0.2356903074786457,7.978445695215774,9.159772868708124,9.223190412101236,6.368463136214658,6.225245904904841
Eagle_education_Raul,False,2017-08-27,7.817606985672684,alert,False,259643.90610111068,238654.67160830472,995787.3721433284,0.2607423164467875,0.2396642880644544,6.382251279294149,7.817606985672684,7.013763853269351,5.205118624057898,6.611917454011798
Eagle_education_Raul,False,2017-09-03,6.600502716339238,alert,False,297333.5187432305,268037.5610437956,583796.7999203622,0.5093099495985433,0.4591281779556852,4.076090895078399,3.949455691329292,6.600502716339238,5.1282758528582,6.251805162621626
Eagle_education_Raul,False,2017-09-10,7.523917275428691,alert,True,295465.38418934954,261409.92200790497,802981.199094494,0.3679605257539529,0.3255492436220072,4.265611302828391,4.087431436999337,7.523917275428691,4.872105992381065,6.020734583067153
Eagle_education_Raul,False,2017-09-17,12.4352163206013,alert,False,236155.9691375516,234775.02999742972,606929.5951868551,0.3890994458176757,0.386824158616206,9.38153985204275,9.60240992113449,12.4352163206013,7.558099576448998,7.5989430738392
Eagle_education_Raul,False,2017-09-24,9.132276102393597,alert,False,223781.16998614225,246090.17843607027,506477.0753719742,0.4418386949138609,0.4858861148953942,4.551646019922033,5.580342554703961,9.132276102393597,4.785750064817282,6.426314421330822
Eagle_education_Raul,False,2017-10-01,8.975629019688473,alert,False,242357.73258684788,258054.87285240323,1064723.0517338046,0.2276251389431179,0.2423680716146648,4.112391860119937,4.298546204078638,8.975629019688473,3.498866126090586,5.595261522690846
Eagle_education_Raul,False,2017-10-08,7.887163462838542,alert,True,306248.81810439314,387669.56521430303,1346044.996802629,0.2275175189773381,0.2880063936459526,6.691745726936511,6.649783027778759,7.887163462838542,5.1221578148808256,6.136186833705663
Eagle_education_Raul,False,2017-10-15,6.232122766840153,alert,False,175173.46170137147,210265.94523144147,1298368.5398876984,0.1349181348128806,0.1619462723963015,2.049418565709624,2.0481690211588734,6.232122766840153,2.9746836039033093,5.543566125765518
Eagle_education_Raul,False,2017-10-22,6.305417813916512,alert,False,203787.03952944293,227557.0777575076,381964.7674770338,0.5335231332342608,0.5957541038682052,3.386390120382371,3.3090522508115963,6.305417813916512,2.969597618649699,3.938154789487457
Eagle_education_Raul,False,2017-10-29,7.623070034911916,alert,False,215370.8859198952,228241.85495437705,437845.75479303073,0.4918875735627511,0.5212836996952654,4.421097679303035,4.468026188565178,7.623070034911916,3.0790637182670686,4.106349789096045
Eagle_education_Raul,False,2017-11-05,6.503457551928716,alert,True,127512.63359350474,131446.68972176808,340865.11162943946,0.3740853177491687,0.3856267046322597,3.534922256826917,3.490929570639003,6.503457551928716,2.948549410669158,3.773946279050597
Eagle_education_Raul,False,2017-11-12,9.089071071603724,alert,False,65682.77097610869,63418.63476750183,187707.48329742064,0.3499208972507238,0.3378588517273743,5.54249798142104,6.540796966521775,9.089071071603724,5.403875340918041,6.320473654996555
Eagle_education_Raul,False,2017-11-19,6.575623003814312,alert,False,61175.08456648251,59276.499168407754,98371.59143358134,0.6218775530106858,0.6025774139115166,5.261011447375477,4.393389559394832,6.575623003814312,4.980726407728876,4.266474434868866
Eagle_education_Raul,False,2017-11-26,9.15857442715043,alert,False,61173.95942569515,68110.20627214879,129838.5743533978,0.4711539673809909,0.524576048461259,5.274855309645071,5.204410321054871,9.15857442715043,4.2472144054349705,6.482563304714415
Eagle_education_Raul,False,2017-12-03,7.789592648090497,alert,True,57537.74468244827,60664.533556570954,123575.48874786706,0.465608068925735,0.4909107313372292,4.468896386987986,4.496104374017132,7.789592648090497,4.205651957413428,3.120556769876406
Eagle_education_Raul,False,2017-12-10,10.508217420898143,alert,False,33675.216701224635,35659.90013077533,84199.51261051587,0.3999455062999837,0.4235167048499242,6.6831340414547835,6.939344856028892,10.508217420898143,8.122843525384276,7.0251515675455325
Eagle_education_Raul,False,2017-12-17,7.796441806189782,alert,False,63083.05079416073,69556.50858643121,127832.90968958332,0.4934805203710477,0.5441205144695157,5.466766056547289,5.63664620743447,7.796441806189782,5.2120824658422045,5.306423521261964
Eagle_education_Raul,False,2017-12-24,9.65945669361768,alert,False,31187.13891578147,30603.03731549785,131612.93299923115,0.2369610509019175,0.2325230250409861,5.392971299453824,4.962333998901497,8.146892886521751,9.65945669361768,7.649809076152529
Eagle_education_Raul,True,2017-01-01,8.903073956540833,alert,False,32813.07334650116,32813.07334650116,64504.462784251,0.5086946225139726,0.5086946225139726,5.545007390192681,5.542245021798598,8.903073956540833,6.611991555197939,5.672551185731005
Eagle_education_Raul,True,2017-01-08,6.31904437802448,alert,False,55459.0525847677,55459.0525847677,112473.68447378471,0.4930846966046893,0.4930846966046893,4.041634989351414,4.034197241680301,6.31904437802448,4.304826618441015,4.246880166373757
Eagle_education_Raul,True,2017-01-15,7.856808572152301,alert,False,72213.3886099154,72213.3886099154,119006.37657881944,0.6068026830653697,0.6068026830653697,5.191923895269022,5.1232500652194055,7.554232427227913,7.856808572152301,6.341294528595916
Eagle_education_Raul,True,2017-01-22,7.826364363577674,alert,False,72244.41284712507,72244.41284712507,98465.86866912204,0.7337000508256344,0.7337000508256344,5.370604390588078,5.530830910086957,7.826364363577674,6.809762820140918,6.254025880086161
Eagle_education_Raul,True,2017-01-29,9.133311164433431,alert,True,47937.71465002497,47937.71465002497,76698.92163405259,0.6250115859352801,0.6250115859352801,5.455792051239515,5.403194377135879,7.6801816294838785,7.946294858212969,9.133311164433431
Eagle_education_Raul,True,2017-02-05,5.274443127149968,alert,False,142174.3169299858,146782.51237388188,195628.107950248,0.726758124993692,0.7503140213941624,4.13589666068353,4.299448956103088,5.274443127149968,4.53326523073301,5.150403893522282
Eagle_education_Raul,True,2017-02-12,7.527845117423641,alert,False,104832.14819936952,105373.01079457952,282326.85722254467,0.3713148271853407,0.3732305591866489,3.925694982960685,3.9940732338520055,6.4055803034827585,4.877597758191879,7.527845117423641
Eagle_education_Raul,True,2017-02-19,8.927028312435642,alert,False,132204.08433304893,133943.67531686396,327383.48416411213,0.4038202619493692,0.4091338805891629,5.508530238965891,3.3463384736880277,8.927028312435642,2.8609878437249225,2.8421463134559604
Eagle_education_Raul,True,2017-02-26,6.289347387302693,alert,True,128692.27985552009,127195.67792691792,403208.65567145345,0.3191704296159317,0.3154586989584886,3.413507689615108,3.218327657670546,6.289347387302693,2.7434456286840403,2.9061450477929256
Eagle_education_Raul,True,2017-03-05,6.481733113303068,alert,False,92066.44982172154,84538.01261253732,146723.25042527282,0.6274837120556542,0.5761732538469976,4.420638626251681,4.354821179876604,6.481733113303068,3.9753627617547393,4.318053270331509
Eagle_education_Raul,True,2017-03-12,9.73614346673034,alert,False,47970.226589404774,46491.36016848827,202639.57857552083,0.2367268375043869,0.2294288238028565,5.064961120188048,6.204151774681826,9.73614346673034,8.489505522586956,8.11918583033393
Eagle_education_Raul,True,2017-03-19,7.763782137181489,alert,False,110037.6943669379,119499.41121866152,214836.45644441963,0.5121928381620173,0.5562343244549708,4.23370442991543,5.4709052896646035,7.763782137181489,4.024509112383506,4.2546159702366095
Eagle_education_Raul,True,2017-03-26,6.605586849805238,alert,True,200443.1138280179,204107.61555623435,370337.2810083333,0.5412447628342002,0.551139801535783,5.008355208469218,6.192630544612744,6.310895062523337,6.605586849805238,5.416134262847459
Eagle_education_Raul,True,2017-04-02,6.414839101982422,alert,False,187452.68594669012,183297.6410730791,270814.5689062748,0.6921809513562948,0.6768381841987088,4.03234330965981,3.990616720063408,6.414839101982422,5.2591308402589565,2.834750984863602
Eagle_education_Raul,True,2017-04-09,8.199051984953197,alert,False,144898.04808547994,151727.33548555698,408686.8114125992,0.3545454466334485,0.371255766637346,3.4389644047326073,3.150752051782086,8.199051984953197,1.5947434531034324,3.8590691060969826
Eagle_education_Raul,True,2017-04-16,6.539670256506345,alert,False,329573.58035271603,325085.3607227596,621590.2675474703,0.5302103291498959,0.5229897855470093,5.116767741664356,5.137086334839524,6.539670256506345,3.0963071556390815,6.021706065150271
Eagle_education_Raul,True,2017-04-23,4.05596469415254,alert,True,325530.64635053795,327203.10224867106,777783.1898080108,0.4185364901379425,0.420686775616015,2.859324318013049,3.966362977789484,4.05596469415254,3.606050280701674,3.9152190002482494
Eagle_education_Raul,True,2017-04-30,6.138014779904173,alert,False,350944.4756635534,362282.7169341937,1187853.6099792907,0.2954442135926765,0.3049893639170821,2.995697248928412,3.244687704863333,6.138014779904173,4.078284770072578,4.857997542907334
Eagle_education_Raul,True,2017-05-07,6.797187798884139,alert,False,217679.22450665303,205245.34614452897,765244.7021497767,0.2844570160304723,0.2682087776209884,4.16750879857067,5.26818770347994,6.552655453909995,6.60453055641351,6.797187798884139
Eagle_education_Raul,True,2017-05-14,5.3105653448348225,alert,False,332832.65174907935,340196.16489094356,1032373.4129682044,0.3223956056676656,0.3295282119992188,3.067054953026888,1.699101154505838,5.068805950667559,3.511392619698495,5.3105653448348225
Eagle_education_Raul,True,2017-05-21,9.120832605325372,alert,True,320342.14904747996,317885.32948882197,794354.7996554564,0.4032733851251672,0.4001805359855591,6.7080606119119786,6.617267687230203,9.120832605325372,6.4979328156367,6.783308882091144
Eagle_education_Raul,True,2017-05-28,9.14344206900447,alert,False,246759.0225399098,294020.1664812796,551104.1885479166,0.4477538506649455,0.5335110358278752,6.000431147218871,6.851624042896638,9.14344206900447,5.367165269752772,6.557581805817644
Eagle_education_Raul,True,2017-06-04,8.961476346680868,alert,False,231251.47476367367,206742.36720320128,442600.4349742064,0.5224836138652923,0.467108368782443,6.620150348702431,5.693960843390862,8.961476346680868,3.933183876017492,7.628964975082198
Eagle_education_Raul,True,2017-06-11,9.59639727247679,alert,False,368760.2530680914,407108.0532042883,1173830.6136538442,0.3141511635313651,0.3468201020393067,9.59639727247679,8.04529199553922,9.457543449466122,6.311800245691408,6.594078282026818
Eagle_education_Raul,True,2017-06-18,10.851696175737567,alert,True,271064.5862082016,260460.86813978344,495479.5326263145,0.547075243999303,0.5256743235370336,9.73866830369974,9.827000026874964,10.851696175737567,7.583434785128172,7.76549564646634
Eagle_education_Raul,True,2017-06-25,7.583711505777285,alert,False,602700.9744823384,647179.0255727704,1388733.6356766915,0.4339932143925202,0.466020991316609,6.242786708832662,5.3871332431542545,7.583711505777285,6.187781174000352,6.072539631921154
Eagle_education_Raul,True,2017-07-02,12.433855885838662,alert,False,1410699.8087491344,1491638.0636705952,2275179.3748250003,0.6200389403836086,0.6556133903883193,12.433855885838662,12.433038598029311,12.43249610339454,7.802815096218714,8.910073761940362
Eagle_education_Raul,True,2017-07-09,12.43249610339454,alert,False,1671506.3272084603,1775638.354637926,718696.286008135,2.325747829437845,2.4706379999545836,10.430330476604622,10.428869537543008,12.43249610339454,6.491483089841897,7.8775448375024
Eagle_education_Raul,True,2017-07-16,12.43249610339454,alert,True,1908332.181655696,2002153.1031998,735397.6430598017,2.5949664098943988,2.7225449008367133,11.52887534173674,11.52775981998851,12.43249610339454,7.803588045132333,10.61635688083767
Eagle_education_Raul,True,2017-07-23,12.43249610339454,alert,False,601304.4288552565,1445229.6350913253,986188.8612336112,0.6097254313976862,1.465469436841444,11.432014205579076,11.43087508965127,12.43249610339454,7.559523364865548,7.778812433209242
Eagle_education_Raul,True,2017-07-30,10.691582296359236,alert,False,482238.9546682939,666858.017265946,1049109.4700779363,0.4596650477594767,0.6356419766341509,8.4297947542385,8.456162253140324,10.691582296359236,6.223747128707558,7.496901727753856
Eagle_education_Raul,True,2017-08-06,10.88092180321381,alert,False,623447.7693755269,944671.7722297464,1027878.0035876586,0.6065386818274865,0.9190504796605308,8.67987387405634,8.653645577362418,10.88092180321381,6.257160999378239,7.537204783803733
Eagle_education_Raul,True,2017-08-13,12.43249610339454,alert,True,595943.2117157908,1517048.4816822896,1297397.4898472617,0.4593374169283688,1.1693012307746076,11.315977125834303,11.314814625707577,12.43249610339454,7.549183390094821,9.054341528362224
Eagle_education_Raul,True,2017-08-20,11.31522146212327,alert,False,473523.27073004085,1269033.0872478338,1432647.5442811907,0.3305232139057789,0.8857957369302245,10.9293324653984,11.271706826305367,11.31522146212327,6.368463136214658,6.225245904904841
Eagle_education_Raul,True,2017-08-27,7.86106728854334,alert,False,496025.5618219992,568712.3559625722,1610902.321921508,0.3079178390098367,0.3530396276815863,6.409041801848164,7.86106728854334,7.040471788648321,5.205118624057898,6.611917454011798
Eagle_education_Raul,True,2017-09-03,6.36287448393045,alert,False,491165.94219466014,556055.4178481482,932237.523560397,0.5268678097388759,0.5964739712733983,5.076570421282588,5.0133455561258655,6.36287448393045,5.1282758528582,6.251805162621626
Eagle_education_Raul,True,2017-09-10,7.79820949019805,alert,True,399810.911263456,555454.2169796439,1251775.4286987302,0.3193950784599401,0.4437331203705287,5.335700608193978,5.064757899684215,7.79820949019805,4.872105992381065,6.020734583067153
Eagle_education_Raul,True,2017-09-17,12.43249610339454,alert,False,487717.74048901635,655465.1049704397,1006130.5149703572,0.484745997892118,0.651471250715173,11.201172480695195,11.271706826305367,12.43249610339454,7.558099576448998,7.5989430738392
Eagle_education_Raul,True,2017-09-24,9.61874064352859,alert,False,407467.162209786,643870.1115503384,786751.9386473015,0.5179105918828276,0.8183902446524297,6.0672162489248285,6.5954269714577745,9.61874064352859,4.785750064817282,6.426314421330822
Eagle_education_Raul,True,2017-10-01,8.981205877087575,alert,False,402106.8235923228,530541.7777482161,1669925.546929286,0.2407932643055435,0.3177038513625914,4.078834816219124,4.15230573951709,8.981205877087575,3.498866126090586,5.595261522690846
Eagle_education_Raul,True,2017-10-08,9.433777939304816,alert,True,543133.8165116877,1260221.0339472287,2189168.3602821827,0.2481005236352301,0.575661998780572,7.318746828910403,7.431442119061846,9.433777939304816,5.1221578148808256,6.136186833705663
Eagle_education_Raul,True,2017-10-15,6.174209154491459,alert,False,358462.8446238345,451629.0375579701,2087073.0036464685,0.1717538600698391,0.2163935026560633,2.2457583079228245,2.2023304746580905,6.174209154491459,2.9746836039033093,5.543566125765518
Eagle_education_Raul,True,2017-10-22,7.508947635546628,alert,False,296855.1464517659,352028.11955349735,623628.5132945635,0.4760127866564528,0.5644836822706678,5.072687593910637,5.005294181855364,7.508947635546628,2.969597618649699,3.938154789487457
Eagle_education_Raul,True,2017-10-29,7.977411189227964,alert,False,373413.4170202938,401417.9107109345,696482.0422718652,0.5361422037562534,0.5763506972865279,4.35803382171977,4.534977919546744,7.977411189227964,3.0790637182670686,4.106349789096045
Eagle_education_Raul,True,2017-11-05,6.84998207308998,alert,True,220178.94313365888,228520.4394040509,560199.4549314287,0.3930366964755614,0.4079269220853187,4.980699915432616,4.708567958532364,6.84998207308998,2.948549410669158,3.773946279050597
Eagle_education_Raul,True,2017-11-12,9.07543764010596,alert,False,128166.0597537625,146596.86787108774,295659.3355330556,0.4334923486271352,0.4958303366500591,8.10111340195732,8.165964948868776,9.07543764010596,5.403875340918041,6.320473654996555
Eagle_education_Raul,True,2017-11-19,7.623061179697189,alert,False,110893.04958869952,122410.1236324528,159348.5157313889,0.6959151710934669,0.7681911756165805,6.738298576367027,6.772270851377312,7.623061179697189,4.980726407728876,4.266474434868866
Eagle_education_Raul,True,2017-11-26,9.228068354744629,alert,False,176850.81329071053,205383.1108195483,211659.0460661508,0.835545735358925,0.970348844695062,5.633281136726266,5.613680423242396,9.228068354744629,4.2472144054349705,6.482563304714415
Eagle_education_Raul,True,2017-12-03,8.289816998929318,alert,True,100713.2110091014,99855.30237546882,196598.2853062302,0.5122791933420275,0.5079154287634289,5.9326351984623305,6.92187267959018,8.289816998929318,4.205651957413428,3.120556769876406
Eagle_education_Raul,True,2017-12-10,10.201308204024748,alert,False,56713.829929758605,61647.52930292744,135949.74340896826,0.4171676128814034,0.4534582247608766,8.059851619729942,7.217508458703952,10.201308204024748,8.122843525384276,7.0251515675455325
Eagle_education_Raul,True,2017-12-17,8.142894438833455,alert,False,141701.3671986092,196678.9872085272,202657.68847023812,0.6992153530825412,0.9704985223761252,7.24245945685566,6.3953246195517774,8.142894438833455,5.2120824658422045,5.306423521261964
Eagle_education_Raul,True,2017-12-24,9.65945669361768,alert,False,60197.44975685835,53633.08967754274,210683.21210496032,0.2857249476852886,0.254567457661616,7.584110198330473,8.363273832434054,7.869865856361652,9.65945669361768,7.649809076152529
