building_id,inject,week,policy,baseline_mode,baseline_n,skill,baseline,ratio,state,operating
Bobcat_education_Angela,False,2017-01-09,auto,none,0,0.0843208198708454,,,shutdown,shutdown
Bobcat_education_Angela,False,2017-01-09,rolling_only,none,0,0.0843208198708454,,,shutdown,shutdown
Bobcat_education_Angela,False,2017-01-16,auto,none,0,0.08432081987084541,,,shutdown,shutdown
Bobcat_education_Angela,False,2017-01-16,rolling_only,none,0,0.08432081987084541,,,shutdown,shutdown
Bobcat_education_Angela,False,2017-01-23,auto,none,0,0.0843208198708455,,,shutdown,shutdown
Bobcat_education_Angela,False,2017-01-23,rolling_only,none,0,0.0843208198708455,,,shutdown,shutdown
Bobcat_education_Angela,False,2017-01-30,auto,rolling,8,0.4449863548421467,1.1806473747952166,0.3769003043091758,stable,operating
Bobcat_education_Angela,False,2017-01-30,rolling_only,rolling,8,0.4449863548421467,1.1806473747952166,0.3769003043091758,stable,operating
Bobcat_education_Angela,False,2017-02-06,auto,rolling,8,0.35237677159214714,1.1025924143957544,0.3195893305553509,stable,operating
Bobcat_education_Angela,False,2017-02-06,rolling_only,rolling,8,0.35237677159214714,1.1025924143957544,0.3195893305553509,stable,operating
Bobcat_education_Angela,False,2017-02-13,auto,rolling,8,1.204752875007494,1.0594443409259682,1.137155420505172,stable,operating
Bobcat_education_Angela,False,2017-02-13,rolling_only,rolling,8,1.204752875007494,1.0594443409259682,1.137155420505172,stable,operating
Bobcat_education_Angela,False,2017-02-20,auto,rolling,8,0.8483900879614108,1.0594443409259677,0.8007877858122373,stable,operating
Bobcat_education_Angela,False,2017-02-20,rolling_only,rolling,8,0.8483900879614108,1.0594443409259677,0.8007877858122373,stable,operating
Bobcat_education_Angela,False,2017-02-27,auto,none,0,0.33999029214042165,,,shutdown,shutdown
Bobcat_education_Angela,False,2017-02-27,rolling_only,none,0,0.33999029214042165,,,shutdown,shutdown
Bobcat_education_Angela,False,2017-03-06,auto,none,0,0.10515609533800153,,,shutdown,shutdown
Bobcat_education_Angela,False,2017-03-06,rolling_only,none,0,0.10515609533800153,,,shutdown,shutdown
Bobcat_education_Angela,False,2017-03-13,auto,same_period,4,0.6055393757014387,1.0264920529493105,0.5899114113563829,stable,operating
Bobcat_education_Angela,False,2017-03-13,rolling_only,rolling,8,0.6055393757014387,0.9485582898615117,0.6383786659962106,stable,operating
Bobcat_education_Angela,False,2017-03-20,auto,same_period,3,0.4919896713892993,1.3758852393989054,0.35758045605913974,stable,operating
Bobcat_education_Angela,False,2017-03-20,rolling_only,rolling,8,0.4919896713892993,0.9485582898615114,0.5186709943372371,stable,operating
Bobcat_education_Angela,False,2017-03-27,auto,same_period,3,0.41132903675746024,1.3758852393989054,0.2989559194174952,stable,operating
Bobcat_education_Angela,False,2017-03-27,rolling_only,rolling,8,0.41132903675746024,0.726964731831425,0.5658170455136232,stable,operating
Bobcat_education_Angela,False,2017-04-03,auto,same_period,4,1.998461185678133,1.024332076495515,1.9509895584987893,alert,operating
Bobcat_education_Angela,False,2017-04-03,rolling_only,rolling,8,1.998461185678133,0.548764523545369,3.6417463227520583,alert,operating
Bobcat_education_Angela,False,2017-04-10,auto,same_period,5,1.3330525756495784,1.3758852393989056,0.9688690142732835,stable,operating
Bobcat_education_Angela,False,2017-04-10,rolling_only,rolling,8,1.3330525756495784,0.548764523545369,2.429188692879066,alert,operating
Bobcat_education_Angela,False,2017-04-17,auto,same_period,5,1.8876027162905407,1.070891151065112,1.7626466652685706,alert,operating
Bobcat_education_Angela,False,2017-04-17,rolling_only,rolling,8,1.8876027162905407,0.7269647318314245,2.5965533589712795,alert,operating
Bobcat_education_Angela,False,2017-04-24,auto,same_period,5,1.2830582490541949,0.9306357486962014,1.3786900523128722,alert,operating
Bobcat_education_Angela,False,2017-04-24,rolling_only,rolling,8,1.2830582490541949,1.026571481484452,1.2498479377187213,warn,operating
Bobcat_education_Angela,False,2017-05-01,auto,same_period,5,1.023309933536187,1.0708911510651122,0.9555685771783614,stable,operating
Bobcat_education_Angela,False,2017-05-01,rolling_only,rolling,8,1.023309933536187,1.0657241685078032,0.9602014890672853,stable,operating
Bobcat_education_Angela,False,2017-05-08,auto,same_period,6,0.7244790329449288,1.0007634498806568,0.7239263514583036,stable,operating
Bobcat_education_Angela,False,2017-05-08,rolling_only,rolling,8,0.7244790329449288,1.1531840912951907,0.628242306162267,stable,operating
Bobcat_education_Angela,False,2017-05-15,auto,same_period,7,0.4689255077939432,0.930635748696202,0.5038765257523111,stable,operating
Bobcat_education_Angela,False,2017-05-15,rolling_only,rolling,8,0.4689255077939432,1.153184091295191,0.40663542909898515,stable,operating
Bobcat_education_Angela,False,2017-05-22,auto,same_period,7,0.8178078283401311,0.9306357486962019,0.8787625335539281,stable,operating
Bobcat_education_Angela,False,2017-05-22,rolling_only,rolling,8,0.8178078283401311,1.153184091295191,0.7091736995969271,stable,operating
Bobcat_education_Angela,False,2017-05-29,auto,same_period,7,0.5774550340621376,0.6071342727786777,0.9511158568256955,stable,operating
Bobcat_education_Angela,False,2017-05-29,rolling_only,rolling,8,0.5774550340621376,1.153184091295191,0.5007483526880542,stable,operating
Bobcat_education_Angela,False,2017-06-05,auto,same_period,7,0.7450332559096339,0.6071342727786777,1.2271309483153248,warn,operating
Bobcat_education_Angela,False,2017-06-05,rolling_only,rolling,8,0.7450332559096339,0.920558880938159,0.8093271069747938,stable,operating
Bobcat_education_Angela,False,2017-06-12,auto,same_period,6,0.33523706709484524,0.5446811828633695,0.6154739279453642,stable,operating
Bobcat_education_Angela,False,2017-06-12,rolling_only,rolling,8,0.33523706709484524,0.7814205421248828,0.42900979565145514,stable,operating
Bobcat_education_Angela,False,2017-06-19,auto,same_period,6,0.564676753703321,0.5446811828633694,1.0367105959762288,stable,operating
Bobcat_education_Angela,False,2017-06-19,rolling_only,rolling,8,0.564676753703321,0.7347561444272814,0.7685226697130492,stable,operating
Bobcat_education_Angela,False,2017-06-26,auto,same_period,6,1.2301672526330747,0.6261142321280639,1.964764877571828,alert,operating
Bobcat_education_Angela,False,2017-06-26,rolling_only,rolling,8,1.2301672526330747,0.6509670335035332,1.8897535348483938,alert,operating
Bobcat_education_Angela,False,2017-07-03,auto,same_period,6,1.0203336122515752,0.90457366376829,1.127971831504634,stable,operating
Bobcat_education_Angela,False,2017-07-03,rolling_only,rolling,8,1.0203336122515752,0.6509670335035336,1.5674121111173545,alert,operating
Bobcat_education_Angela,False,2017-07-10,auto,same_period,6,0.9191957371759336,0.9045736637682903,1.0161646021693032,stable,operating
Bobcat_education_Angela,False,2017-07-10,rolling_only,rolling,8,0.9191957371759336,0.661244144985885,1.3901003799369065,alert,operating
Bobcat_education_Angela,False,2017-07-17,auto,same_period,6,0.9166931694499542,1.0461536889283714,0.8762509554298564,stable,operating
Bobcat_education_Angela,False,2017-07-17,rolling_only,rolling,8,0.9166931694499542,0.7814205421248825,1.17311117385938,warn,operating
Bobcat_education_Angela,False,2017-07-24,auto,same_period,6,1.1285372101173452,1.1753610589864698,0.9601621573974031,stable,operating
Bobcat_education_Angela,False,2017-07-24,rolling_only,rolling,8,1.1285372101173452,0.8308632126797938,1.358270763339563,alert,operating
Bobcat_education_Angela,False,2017-07-31,auto,same_period,7,2.2825300266589768,1.0531604216282284,2.1673146652530804,alert,operating
Bobcat_education_Angela,False,2017-07-31,rolling_only,rolling,8,2.2825300266589768,0.9179444533129435,2.486566609146253,alert,operating
Bobcat_education_Angela,False,2017-08-07,auto,same_period,7,1.0075296214522016,1.0531604216282284,0.9566725075886542,stable,operating
Bobcat_education_Angela,False,2017-08-07,rolling_only,rolling,8,1.0075296214522016,0.9697646747137544,1.0389423823357913,stable,operating
Bobcat_education_Angela,False,2017-08-14,auto,same_period,7,0.9426346141756915,1.0531604216282284,0.895053208245654,stable,operating
Bobcat_education_Angela,False,2017-08-14,rolling_only,rolling,8,0.9426346141756915,1.0139316168518882,0.9296826319534609,stable,operating
Bobcat_education_Angela,False,2017-08-21,auto,same_period,7,0.8372602905936081,0.8498761534156443,0.9851556455945574,stable,operating
Bobcat_education_Angela,False,2017-08-21,rolling_only,rolling,8,0.8372602905936081,1.0139316168518884,0.8257561719923289,stable,operating
Bobcat_education_Angela,False,2017-08-28,auto,same_period,7,1.3308194926931936,0.8498761534156444,1.5658981456823353,alert,operating
Bobcat_education_Angela,False,2017-08-28,rolling_only,rolling,8,1.3308194926931936,0.9750821178139466,1.364828118965796,alert,operating
Bobcat_education_Angela,False,2017-09-04,auto,same_period,7,0.879182891424955,0.7620488272849812,1.1537093949180364,warn,operating
Bobcat_education_Angela,False,2017-09-04,rolling_only,rolling,8,0.879182891424955,0.9750821178139465,0.9016501024508689,stable,operating
Bobcat_education_Angela,False,2017-09-11,auto,same_period,7,0.36980042596234725,0.7389575470833624,0.5004352786190974,stable,operating
Bobcat_education_Angela,False,2017-09-11,rolling_only,rolling,8,0.36980042596234725,0.9750821178139464,0.37925054639645045,stable,operating
Bobcat_education_Angela,False,2017-09-18,auto,same_period,7,0.30862310757590017,0.7389575470833626,0.4176466006660651,stable,operating
Bobcat_education_Angela,False,2017-09-18,rolling_only,rolling,8,0.30862310757590017,0.9750821178139464,0.3165098630542089,stable,operating
Bobcat_education_Angela,False,2017-09-25,auto,same_period,7,0.7253554501571199,0.6202280016190419,1.1694980688773378,warn,operating
Bobcat_education_Angela,False,2017-09-25,rolling_only,rolling,8,0.7253554501571199,0.9109087528003229,0.7962986939440712,stable,operating
Bobcat_education_Angela,False,2017-10-02,auto,same_period,7,0.49109234077643665,0.7389575470833628,0.664574497837879,stable,operating
Bobcat_education_Angela,False,2017-10-02,rolling_only,rolling,8,0.49109234077643665,0.8582215910092815,0.572220911150586,stable,operating
Bobcat_education_Angela,False,2017-10-09,auto,same_period,7,0.5613380000659287,0.7026594909074675,0.7988762798051364,stable,operating
Bobcat_education_Angela,False,2017-10-09,rolling_only,rolling,8,0.5613380000659287,0.7813078703753644,0.7184594208634358,stable,operating
Bobcat_education_Angela,False,2017-10-16,auto,same_period,7,0.7415360219259692,0.7389575470833628,1.00348934096794,stable,operating
Bobcat_education_Angela,False,2017-10-16,rolling_only,rolling,8,0.7415360219259692,0.6433467251115244,1.1526226729411326,warn,operating
Bobcat_education_Angela,False,2017-10-23,auto,same_period,7,0.7171481288558091,0.773729694124026,0.9268716637116075,stable,operating
Bobcat_education_Angela,False,2017-10-23,rolling_only,rolling,8,0.7171481288558091,0.6433467251115241,1.1147148199619599,stable,operating
Bobcat_education_Angela,False,2017-10-30,auto,same_period,7,0.5046611459199558,0.9141498481993019,0.5520551656974406,stable,operating
Bobcat_education_Angela,False,2017-10-30,rolling_only,rolling,8,0.5046611459199558,0.6392430644608689,0.7894667521275055,stable,operating
Bobcat_education_Angela,False,2017-11-06,auto,same_period,7,0.7141171181429949,1.1350226387011868,0.6291655283282838,stable,operating
Bobcat_education_Angela,False,2017-11-06,rolling_only,rolling,8,0.7141171181429949,0.5329995729929424,1.339808049250446,alert,operating
Bobcat_education_Angela,False,2017-11-13,auto,same_period,7,0.7847853317406289,1.135022638701185,0.6914270297186889,stable,operating
Bobcat_education_Angela,False,2017-11-13,rolling_only,rolling,8,0.7847853317406289,0.6377275591044621,1.2305965463413167,warn,operating
Bobcat_education_Angela,False,2017-11-20,auto,same_period,7,0.6177093382185218,1.135022638701185,0.5442264472586831,stable,operating
Bobcat_education_Angela,False,2017-11-20,rolling_only,rolling,8,0.6177093382185218,0.7156326234994022,0.8631654258549014,stable,operating
Bobcat_education_Angela,False,2017-11-27,auto,same_period,7,0.8197368923979499,1.135022638701185,0.7222207420778681,stable,operating
Bobcat_education_Angela,False,2017-11-27,rolling_only,rolling,8,0.8197368923979499,0.6659132281807589,1.2309965588721363,warn,operating
Bobcat_education_Angela,False,2017-12-04,auto,same_period,7,0.7738625921489035,1.135022638701186,0.6818036625546428,stable,operating
Bobcat_education_Angela,False,2017-12-04,rolling_only,rolling,8,0.7738625921489035,0.7156326234994024,1.0813685216931,stable,operating
Bobcat_education_Angela,False,2017-12-11,auto,same_period,6,0.5314740386747437,1.102592414395755,0.4820222157668328,stable,operating
Bobcat_education_Angela,False,2017-12-11,rolling_only,rolling,8,0.5314740386747437,0.7293420753908892,0.7287033843343008,stable,operating
Bobcat_education_Angela,False,2017-12-18,auto,same_period,5,0.49294931875310566,1.070162190090324,0.4606304757519976,stable,operating
Bobcat_education_Angela,False,2017-12-18,rolling_only,rolling,8,0.49294931875310566,0.7156326234994023,0.6888301379311244,stable,operating
Bobcat_education_Angela,True,2017-01-09,auto,none,0,0.08432081987084537,,,shutdown,shutdown
Bobcat_education_Angela,True,2017-01-09,rolling_only,none,0,0.08432081987084537,,,shutdown,shutdown
Bobcat_education_Angela,True,2017-01-16,auto,none,0,0.08432081987084543,,,shutdown,shutdown
Bobcat_education_Angela,True,2017-01-16,rolling_only,none,0,0.08432081987084543,,,shutdown,shutdown
Bobcat_education_Angela,True,2017-01-23,auto,none,0,0.08432081987084548,,,shutdown,shutdown
Bobcat_education_Angela,True,2017-01-23,rolling_only,none,0,0.08432081987084548,,,shutdown,shutdown
Bobcat_education_Angela,True,2017-01-30,auto,rolling,8,0.4449863548421467,1.1806473747952164,0.37690030430917587,stable,operating
Bobcat_education_Angela,True,2017-01-30,rolling_only,rolling,8,0.4449863548421467,1.1806473747952164,0.37690030430917587,stable,operating
Bobcat_education_Angela,True,2017-02-06,auto,rolling,8,0.3523767715921472,1.1025924143957542,0.319589330555351,stable,operating
Bobcat_education_Angela,True,2017-02-06,rolling_only,rolling,8,0.3523767715921472,1.1025924143957542,0.319589330555351,stable,operating
Bobcat_education_Angela,True,2017-02-13,auto,rolling,8,1.2047528750074936,1.0594443409259675,1.1371554205051722,stable,operating
Bobcat_education_Angela,True,2017-02-13,rolling_only,rolling,8,1.2047528750074936,1.0594443409259675,1.1371554205051722,stable,operating
Bobcat_education_Angela,True,2017-02-20,auto,rolling,8,0.848390087961411,1.0594443409259675,0.8007877858122378,stable,operating
Bobcat_education_Angela,True,2017-02-20,rolling_only,rolling,8,0.848390087961411,1.0594443409259675,0.8007877858122378,stable,operating
Bobcat_education_Angela,True,2017-02-27,auto,none,0,0.3399902921404214,,,shutdown,shutdown
Bobcat_education_Angela,True,2017-02-27,rolling_only,none,0,0.3399902921404214,,,shutdown,shutdown
Bobcat_education_Angela,True,2017-03-06,auto,none,0,0.10515609533800152,,,shutdown,shutdown
Bobcat_education_Angela,True,2017-03-06,rolling_only,none,0,0.10515609533800152,,,shutdown,shutdown
Bobcat_education_Angela,True,2017-03-13,auto,same_period,4,0.6055393757014379,1.0264920529493102,0.5899114113563823,stable,operating
Bobcat_education_Angela,True,2017-03-13,rolling_only,rolling,8,0.6055393757014379,0.9485582898615114,0.63837866599621,stable,operating
Bobcat_education_Angela,True,2017-03-20,auto,same_period,3,0.4919896713892994,1.3758852393989054,0.35758045605913985,stable,operating
Bobcat_education_Angela,True,2017-03-20,rolling_only,rolling,8,0.4919896713892994,0.9485582898615108,0.5186709943372375,stable,operating
Bobcat_education_Angela,True,2017-03-27,auto,same_period,3,0.4113290367574605,1.3758852393989054,0.2989559194174954,stable,operating
Bobcat_education_Angela,True,2017-03-27,rolling_only,rolling,8,0.4113290367574605,0.726964731831425,0.5658170455136236,stable,operating
Bobcat_education_Angela,True,2017-04-03,auto,same_period,4,1.9984611856781331,1.024332076495515,1.9509895584987895,alert,operating
Bobcat_education_Angela,True,2017-04-03,rolling_only,rolling,8,1.9984611856781331,0.5487645235453691,3.6417463227520583,alert,operating
Bobcat_education_Angela,True,2017-04-10,auto,same_period,5,1.3330525756495781,1.3758852393989054,0.9688690142732835,stable,operating
Bobcat_education_Angela,True,2017-04-10,rolling_only,rolling,8,1.3330525756495781,0.5487645235453692,2.4291886928790647,alert,operating
Bobcat_education_Angela,True,2017-04-17,auto,same_period,5,1.8876027162905415,1.070891151065112,1.7626466652685713,alert,operating
Bobcat_education_Angela,True,2017-04-17,rolling_only,rolling,8,1.8876027162905415,0.7269647318314252,2.596553358971278,alert,operating
Bobcat_education_Angela,True,2017-04-24,auto,same_period,5,1.2830582490541944,0.9306357486962015,1.3786900523128716,alert,operating
Bobcat_education_Angela,True,2017-04-24,rolling_only,rolling,8,1.2830582490541944,1.0265714814844524,1.2498479377187204,warn,operating
Bobcat_education_Angela,True,2017-05-01,auto,same_period,5,1.0233099335361873,1.070891151065112,0.9555685771783619,stable,operating
Bobcat_education_Angela,True,2017-05-01,rolling_only,rolling,8,1.0233099335361873,1.0657241685078034,0.9602014890672853,stable,operating
Bobcat_education_Angela,True,2017-05-08,auto,same_period,6,0.7244790329449287,1.0007634498806568,0.7239263514583035,stable,operating
Bobcat_education_Angela,True,2017-05-08,rolling_only,rolling,8,0.7244790329449287,1.153184091295191,0.6282423061622667,stable,operating
Bobcat_education_Angela,True,2017-05-15,auto,same_period,7,0.4689255077939431,0.9306357486962015,0.5038765257523113,stable,operating
Bobcat_education_Angela,True,2017-05-15,rolling_only,rolling,8,0.4689255077939431,1.1531840912951907,0.4066354290989851,stable,operating
Bobcat_education_Angela,True,2017-05-22,auto,same_period,7,0.8178078283401318,0.9306357486962015,0.8787625335539292,stable,operating
Bobcat_education_Angela,True,2017-05-22,rolling_only,rolling,8,0.8178078283401318,1.153184091295191,0.7091736995969277,stable,operating
Bobcat_education_Angela,True,2017-05-29,auto,same_period,7,0.5774550340621374,0.607134272778678,0.9511158568256947,stable,operating
Bobcat_education_Angela,True,2017-05-29,rolling_only,rolling,8,0.5774550340621374,1.1531840912951914,0.5007483526880538,stable,operating
Bobcat_education_Angela,True,2017-06-05,auto,same_period,7,0.7450332559096342,0.6071342727786777,1.2271309483153254,warn,operating
Bobcat_education_Angela,True,2017-06-05,rolling_only,rolling,8,0.7450332559096342,0.9205588809381591,0.809327106974794,stable,operating
Bobcat_education_Angela,True,2017-06-12,auto,same_period,6,0.3352370670948453,0.5446811828633694,0.6154739279453645,stable,operating
Bobcat_education_Angela,True,2017-06-12,rolling_only,rolling,8,0.3352370670948453,0.7814205421248824,0.42900979565145536,stable,operating
Bobcat_education_Angela,True,2017-06-19,auto,same_period,6,0.5646767537033203,0.5446811828633694,1.0367105959762275,stable,operating
Bobcat_education_Angela,True,2017-06-19,rolling_only,rolling,8,0.5646767537033203,0.7347561444272817,0.7685226697130478,stable,operating
Bobcat_education_Angela,True,2017-06-26,auto,same_period,6,1.0858992277786081,0.6261142321280637,1.734346820527953,alert,operating
Bobcat_education_Angela,True,2017-06-26,rolling_only,rolling,8,1.0858992277786081,0.6509670335035331,1.6681324427970659,alert,operating
Bobcat_education_Angela,True,2017-07-03,auto,same_period,6,0.8008088922072644,0.9045736637682902,0.8852887545622757,stable,operating
Bobcat_education_Angela,True,2017-07-03,rolling_only,rolling,8,0.8008088922072644,0.6509670335035334,1.2301834824065905,warn,operating
Bobcat_education_Angela,True,2017-07-10,auto,same_period,6,1.152086937767332,0.9045736637682902,1.2736242319591158,warn,operating
Bobcat_education_Angela,True,2017-07-10,rolling_only,rolling,8,1.152086937767332,0.6612441449858854,1.7423019114852412,alert,operating
Bobcat_education_Angela,True,2017-07-17,auto,same_period,6,1.1046489120854701,1.0461536889283711,1.0559145599505735,stable,operating
Bobcat_education_Angela,True,2017-07-17,rolling_only,rolling,8,1.1046489120854701,0.7729210740584487,1.4291872083202328,alert,operating
Bobcat_education_Angela,True,2017-07-24,auto,same_period,6,1.4038181833974233,1.1753610589864696,1.1943718678309416,warn,operating
Bobcat_education_Angela,True,2017-07-24,rolling_only,rolling,8,1.4038181833974233,0.7729210740584489,1.816250365676102,alert,operating
Bobcat_education_Angela,True,2017-07-31,auto,same_period,7,2.7063337165803474,1.0531604216282284,2.5697259990042602,alert,operating
Bobcat_education_Angela,True,2017-07-31,rolling_only,rolling,8,2.7063337165803474,0.9433540599929363,2.8688419665047205,alert,operating
Bobcat_education_Angela,True,2017-08-07,auto,same_period,7,0.9020720261112535,1.0531604216282284,0.8565380995960842,stable,operating
Bobcat_education_Angela,True,2017-08-07,rolling_only,rolling,8,0.9020720261112535,1.0952740699320394,0.8236039278892324,stable,operating
Bobcat_education_Angela,True,2017-08-14,auto,same_period,7,1.296520793574022,1.0531604216282284,1.2310762605088676,warn,operating
Bobcat_education_Angela,True,2017-08-14,rolling_only,rolling,8,1.296520793574022,1.09527406993204,1.1837409733022064,warn,operating
Bobcat_education_Angela,True,2017-08-21,auto,same_period,7,1.5073539310393573,0.8498761534156442,1.7736159850836104,alert,operating
Bobcat_education_Angela,True,2017-08-21,rolling_only,rolling,8,1.5073539310393573,1.1283679249264007,1.3358709493073162,alert,operating
Bobcat_education_Angela,True,2017-08-28,auto,same_period,7,2.0963325786421567,0.8498761534156442,2.4666330149599047,alert,operating
Bobcat_education_Angela,True,2017-08-28,rolling_only,rolling,8,2.0963325786421567,1.2243038656706768,1.7122649347298926,alert,operating
Bobcat_education_Angela,True,2017-09-04,auto,same_period,7,1.6069254096746908,0.7620488272849815,2.108690876672333,alert,operating
Bobcat_education_Angela,True,2017-09-04,rolling_only,rolling,8,1.6069254096746908,1.3501694884857223,1.1901656965133556,warn,operating
Bobcat_education_Angela,True,2017-09-11,auto,same_period,7,0.7710820345739546,0.7389575470833623,1.0434727104654204,stable,operating
Bobcat_education_Angela,True,2017-09-11,rolling_only,rolling,8,0.7710820345739546,1.4555860572183905,0.5297399152390098,stable,operating
Bobcat_education_Angela,True,2017-09-18,auto,same_period,7,0.376339412757278,0.7389575470833623,0.5092842129330373,stable,operating
Bobcat_education_Angela,True,2017-09-18,rolling_only,rolling,8,0.376339412757278,1.4555860572183903,0.2585483770547093,stable,operating
Bobcat_education_Angela,True,2017-09-25,auto,same_period,7,0.7854280660650051,0.6202280016190419,1.266353766703092,warn,operating
Bobcat_education_Angela,True,2017-09-25,rolling_only,rolling,8,0.7854280660650051,1.4019373623066897,0.560244763555409,stable,operating
Bobcat_education_Angela,True,2017-10-02,auto,same_period,7,0.5466803072756284,0.7389575470833623,0.7397993422400991,stable,operating
Bobcat_education_Angela,True,2017-10-02,rolling_only,rolling,8,0.5466803072756284,1.0992964098426374,0.4973001843550866,stable,operating
Bobcat_education_Angela,True,2017-10-09,auto,same_period,7,0.7004970027896575,0.7026594909074676,0.9969224238115432,stable,operating
Bobcat_education_Angela,True,2017-10-09,rolling_only,rolling,8,0.7004970027896575,1.0409744298195136,0.6729243127625251,stable,operating
Bobcat_education_Angela,True,2017-10-16,auto,same_period,7,1.0179906150553828,0.7389575470833623,1.377603651350952,alert,operating
Bobcat_education_Angela,True,2017-10-16,rolling_only,rolling,8,1.0179906150553828,0.7782550503194798,1.3080424144211973,alert,operating
Bobcat_education_Angela,True,2017-10-23,auto,same_period,7,0.7962809489089551,0.7737296941240263,1.0291461668799724,stable,operating
Bobcat_education_Angela,True,2017-10-23,rolling_only,rolling,8,0.7962809489089551,0.7782550503194797,1.0231619423247886,stable,operating
Bobcat_education_Angela,True,2017-10-30,auto,same_period,7,0.5331844660153865,0.9141498481993012,0.5832571837819117,stable,operating
Bobcat_education_Angela,True,2017-10-30,rolling_only,rolling,8,0.5331844660153865,0.77825505031948,0.6851024812450751,stable,operating
Bobcat_education_Angela,True,2017-11-06,auto,same_period,7,0.7852834665984108,1.1350226387011848,0.6918659063021128,stable,operating
Bobcat_education_Angela,True,2017-11-06,rolling_only,rolling,8,0.7852834665984108,0.7357895186818056,1.067266448705705,stable,operating
Bobcat_education_Angela,True,2017-11-13,auto,same_period,7,0.737177627504119,1.1350226387011848,0.6494827524741507,stable,operating
Bobcat_education_Angela,True,2017-11-13,rolling_only,rolling,8,0.737177627504119,0.7428902346940338,0.992310294410765,stable,operating
Bobcat_education_Angela,True,2017-11-20,auto,same_period,7,0.6640616008888851,1.135022638701185,0.585064630648051,stable,operating
Bobcat_education_Angela,True,2017-11-20,rolling_only,rolling,8,0.6640616008888851,0.7612305470512644,0.8723528022636807,stable,operating
Bobcat_education_Angela,True,2017-11-27,auto,same_period,7,0.7867449752398613,1.1350226387011866,0.6931535534305628,stable,operating
Bobcat_education_Angela,True,2017-11-27,rolling_only,rolling,8,0.7867449752398613,0.7188373151468881,1.0944687464911262,stable,operating
Bobcat_education_Angela,True,2017-12-04,auto,same_period,7,0.6748794699769433,1.1350226387011866,0.5945956027354767,stable,operating
Bobcat_education_Angela,True,2017-12-04,rolling_only,rolling,8,0.6748794699769433,0.7612305470512647,0.8865638308803888,stable,operating
Bobcat_education_Angela,True,2017-12-11,auto,same_period,6,0.5409207178302496,1.1025924143957544,0.4905899140678257,stable,operating
Bobcat_education_Angela,True,2017-12-11,rolling_only,rolling,8,0.5409207178302496,0.7612305470512643,0.7105872457767015,stable,operating
Bobcat_education_Angela,True,2017-12-18,auto,same_period,5,0.5584866398656801,1.070162190090324,0.5218710257540894,stable,operating
Bobcat_education_Angela,True,2017-12-18,rolling_only,rolling,8,0.5584866398656801,0.7060285487405309,0.7910255766030317,stable,operating
Bobcat_other_Howard,False,2017-01-09,auto,none,0,0.3070977685989069,,,shutdown,shutdown
Bobcat_other_Howard,False,2017-01-09,rolling_only,none,0,0.3070977685989069,,,shutdown,shutdown
Bobcat_other_Howard,False,2017-01-16,auto,none,0,0.3070977685989067,,,shutdown,shutdown
Bobcat_other_Howard,False,2017-01-16,rolling_only,none,0,0.3070977685989067,,,shutdown,shutdown
Bobcat_other_Howard,False,2017-01-23,auto,none,0,0.30709776859890686,,,shutdown,shutdown
Bobcat_other_Howard,False,2017-01-23,rolling_only,none,0,0.30709776859890686,,,shutdown,shutdown
Bobcat_other_Howard,False,2017-01-30,auto,same_period,7,0.5501773885183211,13.519413184375948,0.040695360147298965,stable,operating
Bobcat_other_Howard,False,2017-01-30,rolling_only,rolling,8,0.5501773885183211,0.9014996629063073,0.6102912859053403,stable,operating
Bobcat_other_Howard,False,2017-02-06,auto,same_period,7,0.5657288382716403,18.29326567819169,0.030925524628774934,stable,operating
Bobcat_other_Howard,False,2017-02-06,rolling_only,rolling,8,0.5657288382716403,0.878179972397675,0.6442060352697906,stable,operating
Bobcat_other_Howard,False,2017-02-13,auto,same_period,7,0.7314831650518414,20.326273766831356,0.03598707630542121,stable,operating
Bobcat_other_Howard,False,2017-02-13,rolling_only,rolling,8,0.7314831650518414,0.8781799723976749,0.8329535949842827,stable,operating
Bobcat_other_Howard,False,2017-02-20,auto,same_period,7,0.9756710616353352,20.326273766831353,0.04800048807900278,stable,operating
Bobcat_other_Howard,False,2017-02-20,rolling_only,rolling,8,0.9756710616353352,0.8781799723976751,1.1110149312235877,stable,operating
Bobcat_other_Howard,False,2017-02-27,auto,none,0,0.5858934752365701,,,shutdown,shutdown
Bobcat_other_Howard,False,2017-02-27,rolling_only,none,0,0.5858934752365701,,,shutdown,shutdown
Bobcat_other_Howard,False,2017-03-06,auto,none,0,0.4054806036342815,,,shutdown,shutdown
Bobcat_other_Howard,False,2017-03-06,rolling_only,none,0,0.4054806036342815,,,shutdown,shutdown
Bobcat_other_Howard,False,2017-03-13,auto,same_period,7,1.6826007104222125,7.494541379729829,0.22451016348686417,stable,operating
Bobcat_other_Howard,False,2017-03-13,rolling_only,rolling,8,1.6826007104222125,0.8781799723976752,1.9160089768709314,alert,operating
Bobcat_other_Howard,False,2017-03-20,auto,same_period,7,0.837949976222576,5.52608752398799,0.15163530664057523,stable,operating
Bobcat_other_Howard,False,2017-03-20,rolling_only,rolling,8,0.837949976222576,0.8781799723976751,0.9541893490633133,stable,operating
Bobcat_other_Howard,False,2017-03-27,auto,same_period,7,0.3159100398194694,2.808297996790055,0.11249163734780332,stable,operating
Bobcat_other_Howard,False,2017-03-27,rolling_only,rolling,8,0.3159100398194694,0.8545445094378223,0.36968237035107343,stable,operating
Bobcat_other_Howard,False,2017-04-03,auto,same_period,7,1.0167724146386041,0.9366265189132633,1.0855686809063783,stable,operating
Bobcat_other_Howard,False,2017-04-03,rolling_only,rolling,8,1.0167724146386041,0.7847165706372086,1.2957193115126404,warn,operating
Bobcat_other_Howard,False,2017-04-10,auto,same_period,7,1.1613498550464736,0.9366265189132632,1.239928436356841,warn,operating
Bobcat_other_Howard,False,2017-04-10,rolling_only,rolling,8,1.1613498550464736,0.7847165706372088,1.479960916466221,alert,operating
Bobcat_other_Howard,False,2017-04-17,auto,same_period,7,1.046706149130282,0.9268597546470232,1.1293036987336882,stable,operating
Bobcat_other_Howard,False,2017-04-17,rolling_only,rolling,8,1.046706149130282,0.9068105189289555,1.1542721740442081,warn,operating
Bobcat_other_Howard,False,2017-04-24,auto,same_period,7,0.09671167085505143,0.9268597546470232,0.1043433705802473,stable,operating
Bobcat_other_Howard,False,2017-04-24,rolling_only,rolling,8,0.09671167085505143,0.9962217381369696,0.09707845869325393,stable,operating
Bobcat_other_Howard,False,2017-05-01,auto,same_period,7,1.3719381683192908,0.9268597546470232,1.4802003878588592,alert,operating
Bobcat_other_Howard,False,2017-05-01,rolling_only,rolling,8,1.3719381683192908,0.99622173813697,1.3771413690339125,alert,operating
Bobcat_other_Howard,False,2017-05-08,auto,same_period,7,0.7013472696452632,1.1661639005740856,0.6014139773148527,stable,operating
Bobcat_other_Howard,False,2017-05-08,rolling_only,rolling,8,0.7013472696452632,1.0317392818844437,0.6797718008412663,stable,operating
Bobcat_other_Howard,False,2017-05-15,auto,same_period,7,0.872686588530986,1.1661639005740856,0.7483395671066263,stable,operating
Bobcat_other_Howard,False,2017-05-15,rolling_only,rolling,8,0.872686588530986,0.9273611954305898,0.9410428135563539,stable,operating
Bobcat_other_Howard,False,2017-05-22,auto,same_period,7,1.229899531345025,1.1661639005740856,1.0546540934250865,stable,operating
Bobcat_other_Howard,False,2017-05-22,rolling_only,rolling,8,1.229899531345025,0.9447295015847956,1.3018536303585873,alert,operating
Bobcat_other_Howard,False,2017-05-29,auto,same_period,7,1.0577912618767584,1.1035841813336809,0.9585052774120215,stable,operating
Bobcat_other_Howard,False,2017-05-29,rolling_only,rolling,8,1.0577912618767584,1.0317392818844446,1.0252505458013874,stable,operating
Bobcat_other_Howard,False,2017-06-05,auto,same_period,7,0.9720376370432541,1.1035841813336804,0.8808006253483514,stable,operating
Bobcat_other_Howard,False,2017-06-05,rolling_only,rolling,8,0.9720376370432541,1.0522487055035217,0.9237717584818648,stable,operating
Bobcat_other_Howard,False,2017-06-12,auto,same_period,6,0.7765847588007202,0.9976867741748308,0.7783853398708426,stable,operating
Bobcat_other_Howard,False,2017-06-12,rolling_only,rolling,8,0.7765847588007202,1.0093718930867688,0.7693742654412932,stable,operating
Bobcat_other_Howard,False,2017-06-19,auto,same_period,6,1.6884560012513548,0.9976867741748308,1.6923708371776776,alert,operating
Bobcat_other_Howard,False,2017-06-19,rolling_only,rolling,8,1.6884560012513548,0.92236211278712,1.8305782271881414,alert,operating
Bobcat_other_Howard,False,2017-06-26,auto,same_period,6,1.0513004871110192,0.9976867741748308,1.0537380211144238,stable,operating
Bobcat_other_Howard,False,2017-06-26,rolling_only,rolling,8,1.0513004871110192,1.0149144494600064,1.035851334731092,stable,operating
Bobcat_other_Howard,False,2017-07-03,auto,same_period,6,0.8745848065750711,1.0596979363270436,0.8253151927486222,stable,operating
Bobcat_other_Howard,False,2017-07-03,rolling_only,rolling,8,0.8745848065750711,1.0116690620771362,0.8644969381384394,stable,operating
Bobcat_other_Howard,False,2017-07-10,auto,same_period,6,0.7782135737485586,1.2726137099022126,0.6115080858341189,stable,operating
Bobcat_other_Howard,False,2017-07-10,rolling_only,rolling,8,0.7782135737485586,1.0116690620771374,0.7692372959896066,stable,operating
Bobcat_other_Howard,False,2017-07-17,auto,same_period,6,0.4981628862681305,1.2726137099022126,0.3914486245055534,stable,operating
Bobcat_other_Howard,False,2017-07-17,rolling_only,rolling,8,0.4981628862681305,1.0116690620771371,0.49241684355288395,stable,operating
Bobcat_other_Howard,False,2017-07-24,auto,same_period,6,1.2483313076888163,1.2726137099022126,0.9809192671551038,stable,operating
Bobcat_other_Howard,False,2017-07-24,rolling_only,rolling,8,1.2483313076888163,0.9233112218091628,1.3520157431237538,alert,operating
Bobcat_other_Howard,False,2017-07-31,auto,same_period,7,1.0380052541569518,1.2276065056381056,0.8455520962048017,stable,operating
Bobcat_other_Howard,False,2017-07-31,rolling_only,rolling,8,1.0380052541569518,0.9233112218091628,1.1242203383200025,stable,operating
Bobcat_other_Howard,False,2017-08-07,auto,same_period,7,1.06150918774576,1.206470027773927,0.879847126997729,stable,operating
Bobcat_other_Howard,False,2017-08-07,rolling_only,rolling,8,1.06150918774576,0.9562950303660106,1.110022695965993,stable,operating
Bobcat_other_Howard,False,2017-08-14,auto,same_period,7,0.9507349812855923,1.181588060633742,0.8046247359470337,stable,operating
Bobcat_other_Howard,False,2017-08-14,rolling_only,rolling,8,0.9507349812855923,1.0446528706339853,0.9100965574417121,stable,operating
Bobcat_other_Howard,False,2017-08-21,auto,same_period,7,0.6129961939338255,1.090296541036593,0.5622288715609636,stable,operating
Bobcat_other_Howard,False,2017-08-21,rolling_only,rolling,8,0.6129961939338255,0.9943701177212723,0.6164668296132889,stable,operating
Bobcat_other_Howard,False,2017-08-28,auto,same_period,7,1.037659684175905,1.066493861687321,0.9729635785565639,stable,operating
Bobcat_other_Howard,False,2017-08-28,rolling_only,rolling,8,1.037659684175905,0.9126598939303315,1.1369620721551235,stable,operating
Bobcat_other_Howard,False,2017-09-04,auto,same_period,7,1.0537001479692647,0.9582283459248456,1.0996336650344791,stable,operating
Bobcat_other_Howard,False,2017-09-04,rolling_only,rolling,8,1.0537001479692647,0.994197332730749,1.0598501054866845,stable,operating
Bobcat_other_Howard,False,2017-09-11,auto,same_period,7,1.0668926210703014,0.8119176081044033,1.3140405016725678,alert,operating
Bobcat_other_Howard,False,2017-09-11,rolling_only,rolling,8,1.0668926210703014,1.0378324691664282,1.0280008120455257,stable,operating
Bobcat_other_Howard,False,2017-09-18,auto,same_period,7,0.5600434443337469,0.8119176081044033,0.6897786656472312,stable,operating
Bobcat_other_Howard,False,2017-09-18,rolling_only,rolling,8,0.5600434443337469,1.045852701063108,0.5354897910235957,stable,operating
Bobcat_other_Howard,False,2017-09-25,auto,same_period,7,0.9871453069332422,0.8004372002590883,1.233257657957076,warn,operating
Bobcat_other_Howard,False,2017-09-25,rolling_only,rolling,8,0.9871453069332422,1.037832469166428,0.9511605545797801,stable,operating
Bobcat_other_Howard,False,2017-10-02,auto,same_period,7,0.6916033504484701,0.8004372002590883,0.8640319942958793,stable,operating
Bobcat_other_Howard,False,2017-10-02,rolling_only,rolling,8,0.6916033504484701,1.0124024955545743,0.6831308234474702,stable,operating
Bobcat_other_Howard,False,2017-10-09,auto,same_period,7,0.6514127171767612,0.716286914863892,0.9094298718280257,stable,operating
Bobcat_other_Howard,False,2017-10-09,rolling_only,rolling,8,0.6514127171767612,0.9689401441094176,0.6722940742387079,stable,operating
Bobcat_other_Howard,False,2017-10-16,auto,same_period,7,1.0560706925864267,0.8119176081044033,1.3007116510898826,alert,operating
Bobcat_other_Howard,False,2017-10-16,rolling_only,rolling,8,1.0560706925864267,0.839374328690857,1.258164154523934,warn,operating
Bobcat_other_Howard,False,2017-10-23,auto,same_period,7,0.7869910004254694,0.5949083779171991,1.3228776558514106,alert,operating
Bobcat_other_Howard,False,2017-10-23,rolling_only,rolling,8,0.7869910004254694,1.0124024955545738,0.7773499214799658,stable,operating
Bobcat_other_Howard,False,2017-10-30,auto,same_period,7,0.741388782814498,0.764088633714868,0.9702915998239534,stable,operating
Bobcat_other_Howard,False,2017-10-30,rolling_only,rolling,8,0.741388782814498,0.8870681536793559,0.8357743198641354,stable,operating
Bobcat_other_Howard,False,2017-11-06,auto,same_period,7,0.725467966617331,0.7640886337148687,0.949455252449221,stable,operating
Bobcat_other_Howard,False,2017-11-06,rolling_only,rolling,8,0.725467966617331,0.7641898916199832,0.9493294462184435,stable,operating
Bobcat_other_Howard,False,2017-11-13,auto,same_period,7,1.075457611334559,0.883951330742818,1.21664799172915,warn,operating
Bobcat_other_Howard,False,2017-11-13,rolling_only,rolling,8,1.075457611334559,0.7334283747159143,1.4663430655394623,alert,operating
Bobcat_other_Howard,False,2017-11-20,auto,same_period,7,1.3321026146180617,0.9177784236703336,1.4514425053606985,alert,operating
Bobcat_other_Howard,False,2017-11-20,rolling_only,rolling,8,1.3321026146180617,0.7641898916199832,1.7431565494725105,alert,operating
Bobcat_other_Howard,False,2017-11-27,auto,same_period,7,0.807302739580165,0.9177784236703341,0.8796270633075463,stable,operating
Bobcat_other_Howard,False,2017-11-27,rolling_only,rolling,8,0.807302739580165,0.7641898916199832,1.0564164070121211,stable,operating
Bobcat_other_Howard,False,2017-12-04,auto,same_period,7,0.7681283313982394,0.885220902142281,0.8677250272099638,stable,operating
Bobcat_other_Howard,False,2017-12-04,rolling_only,rolling,8,0.7681283313982394,0.7971468700028173,0.9635969986252656,stable,operating
Bobcat_other_Howard,False,2017-12-11,auto,same_period,6,0.8179724177105419,0.9014996629063075,0.9073463378494391,stable,operating
Bobcat_other_Howard,False,2017-12-11,rolling_only,rolling,8,0.8179724177105419,0.7971468700028174,1.0261251075446747,stable,operating
Bobcat_other_Howard,False,2017-12-18,auto,same_period,6,0.7436779810742757,0.9441492017757702,0.7876699780877374,stable,operating
Bobcat_other_Howard,False,2017-12-18,rolling_only,rolling,8,0.7436779810742757,0.7971468700028171,0.9329246705461536,stable,operating
Bobcat_other_Howard,True,2017-01-09,auto,none,0,0.3070977685989068,,,shutdown,shutdown
Bobcat_other_Howard,True,2017-01-09,rolling_only,none,0,0.3070977685989068,,,shutdown,shutdown
Bobcat_other_Howard,True,2017-01-16,auto,none,0,0.3070977685989069,,,shutdown,shutdown
Bobcat_other_Howard,True,2017-01-16,rolling_only,none,0,0.3070977685989069,,,shutdown,shutdown
Bobcat_other_Howard,True,2017-01-23,auto,none,0,0.3070977685989068,,,shutdown,shutdown
Bobcat_other_Howard,True,2017-01-23,rolling_only,none,0,0.3070977685989068,,,shutdown,shutdown
Bobcat_other_Howard,True,2017-01-30,auto,same_period,7,0.5501773885183215,13.519413184375948,0.04069536014729899,stable,operating
Bobcat_other_Howard,True,2017-01-30,rolling_only,rolling,8,0.5501773885183215,0.9014996629063075,0.6102912859053407,stable,operating
Bobcat_other_Howard,True,2017-02-06,auto,same_period,7,0.5657288382716403,18.2932656781917,0.03092552462877492,stable,operating
Bobcat_other_Howard,True,2017-02-06,rolling_only,rolling,8,0.5657288382716403,0.8781799723976751,0.6442060352697905,stable,operating
Bobcat_other_Howard,True,2017-02-13,auto,same_period,7,0.7314831650518416,20.32627376683136,0.035987076305421216,stable,operating
Bobcat_other_Howard,True,2017-02-13,rolling_only,rolling,8,0.7314831650518416,0.8781799723976751,0.8329535949842827,stable,operating
Bobcat_other_Howard,True,2017-02-20,auto,same_period,7,0.975671061635335,20.326273766831363,0.04800048807900274,stable,operating
Bobcat_other_Howard,True,2017-02-20,rolling_only,rolling,8,0.975671061635335,0.8781799723976751,1.1110149312235875,stable,operating
Bobcat_other_Howard,True,2017-02-27,auto,none,0,0.5858934752365698,,,shutdown,shutdown
Bobcat_other_Howard,True,2017-02-27,rolling_only,none,0,0.5858934752365698,,,shutdown,shutdown
Bobcat_other_Howard,True,2017-03-06,auto,none,0,0.405480603634282,,,shutdown,shutdown
Bobcat_other_Howard,True,2017-03-06,rolling_only,none,0,0.405480603634282,,,shutdown,shutdown
Bobcat_other_Howard,True,2017-03-13,auto,same_period,7,1.6826007104222125,7.494541379729826,0.22451016348686426,stable,operating
Bobcat_other_Howard,True,2017-03-13,rolling_only,rolling,8,1.6826007104222125,0.8781799723976749,1.916008976870932,alert,operating
Bobcat_other_Howard,True,2017-03-20,auto,same_period,7,0.8379499762225755,5.526087523987991,0.15163530664057512,stable,operating
Bobcat_other_Howard,True,2017-03-20,rolling_only,rolling,8,0.8379499762225755,0.8781799723976749,0.9541893490633129,stable,operating
Bobcat_other_Howard,True,2017-03-27,auto,same_period,7,0.3159100398194694,2.8082979967900545,0.11249163734780335,stable,operating
Bobcat_other_Howard,True,2017-03-27,rolling_only,rolling,8,0.3159100398194694,0.8545445094378225,0.3696823703510734,stable,operating
Bobcat_other_Howard,True,2017-04-03,auto,same_period,7,1.0167724146386041,0.9366265189132635,1.0855686809063778,stable,operating
Bobcat_other_Howard,True,2017-04-03,rolling_only,rolling,8,1.0167724146386041,0.7847165706372088,1.29571931151264,warn,operating
Bobcat_other_Howard,True,2017-04-10,auto,same_period,7,1.1613498550464736,0.9366265189132635,1.2399284363568406,warn,operating
Bobcat_other_Howard,True,2017-04-10,rolling_only,rolling,8,1.1613498550464736,0.7847165706372086,1.4799609164662215,alert,operating
Bobcat_other_Howard,True,2017-04-17,auto,same_period,7,1.046706149130282,0.9268597546470232,1.1293036987336882,stable,operating
Bobcat_other_Howard,True,2017-04-17,rolling_only,rolling,8,1.046706149130282,0.9068105189289554,1.1542721740442083,warn,operating
Bobcat_other_Howard,True,2017-04-24,auto,same_period,7,0.0967116708550514,0.9268597546470232,0.10434337058024727,stable,operating
Bobcat_other_Howard,True,2017-04-24,rolling_only,rolling,8,0.0967116708550514,0.9962217381369699,0.09707845869325386,stable,operating
Bobcat_other_Howard,True,2017-05-01,auto,same_period,7,1.3719381683192904,0.9268597546470232,1.4802003878588588,alert,operating
Bobcat_other_Howard,True,2017-05-01,rolling_only,rolling,8,1.3719381683192904,0.9962217381369699,1.3771413690339123,alert,operating
Bobcat_other_Howard,True,2017-05-08,auto,same_period,7,0.7013472696452634,1.1661639005740856,0.6014139773148528,stable,operating
Bobcat_other_Howard,True,2017-05-08,rolling_only,rolling,8,0.7013472696452634,1.0317392818844437,0.6797718008412664,stable,operating
Bobcat_other_Howard,True,2017-05-15,auto,same_period,7,0.872686588530986,1.1661639005740856,0.7483395671066263,stable,operating
Bobcat_other_Howard,True,2017-05-15,rolling_only,rolling,8,0.872686588530986,0.9273611954305898,0.9410428135563539,stable,operating
Bobcat_other_Howard,True,2017-05-22,auto,same_period,7,1.2298995313450234,1.1661639005740856,1.0546540934250852,stable,operating
Bobcat_other_Howard,True,2017-05-22,rolling_only,rolling,8,1.2298995313450234,0.9447295015847954,1.301853630358586,alert,operating
Bobcat_other_Howard,True,2017-05-29,auto,same_period,7,1.0577912618767589,1.1035841813336804,0.9585052774120223,stable,operating
Bobcat_other_Howard,True,2017-05-29,rolling_only,rolling,8,1.0577912618767589,1.031739281884444,1.0252505458013885,stable,operating
Bobcat_other_Howard,True,2017-06-05,auto,same_period,7,0.9720376370432547,1.10358418133368,0.8808006253483524,stable,operating
Bobcat_other_Howard,True,2017-06-05,rolling_only,rolling,8,0.9720376370432547,1.0522487055035221,0.923771758481865,stable,operating
Bobcat_other_Howard,True,2017-06-12,auto,same_period,6,0.7765847588007201,0.9976867741748308,0.7783853398708425,stable,operating
Bobcat_other_Howard,True,2017-06-12,rolling_only,rolling,8,0.7765847588007201,1.0093718930867697,0.7693742654412924,stable,operating
Bobcat_other_Howard,True,2017-06-19,auto,same_period,6,1.6884560012513552,0.9976867741748308,1.692370837177678,alert,operating
Bobcat_other_Howard,True,2017-06-19,rolling_only,rolling,8,1.6884560012513552,0.9223621127871204,1.8305782271881412,alert,operating
Bobcat_other_Howard,True,2017-06-26,auto,same_period,6,1.0143877233326788,0.9976867741748308,1.0167396717989583,stable,operating
Bobcat_other_Howard,True,2017-06-26,rolling_only,rolling,8,1.0143877233326788,1.0149144494600064,0.9994810142592729,stable,operating
Bobcat_other_Howard,True,2017-07-03,auto,same_period,6,0.8434560970589241,1.0596979363270436,0.7959401147674001,stable,operating
Bobcat_other_Howard,True,2017-07-03,rolling_only,rolling,8,0.8434560970589241,0.9932126801879659,0.8492200249591051,stable,operating
Bobcat_other_Howard,True,2017-07-10,auto,same_period,6,0.8356114322865891,1.2726137099022126,0.6566104276456344,stable,operating
Bobcat_other_Howard,True,2017-07-10,rolling_only,rolling,8,0.8356114322865891,0.9932126801879666,0.8413217520827952,stable,operating
Bobcat_other_Howard,True,2017-07-17,auto,same_period,6,0.4501836019007761,1.2726137099022126,0.3537472513441397,stable,operating
Bobcat_other_Howard,True,2017-07-17,rolling_only,rolling,8,0.4501836019007761,0.9932126801879666,0.4532600226323916,stable,operating
Bobcat_other_Howard,True,2017-07-24,auto,same_period,6,1.0368948712879456,1.2726137099022126,0.8147758139173437,stable,operating
Bobcat_other_Howard,True,2017-07-24,rolling_only,rolling,8,1.0368948712879456,0.9077468670510895,1.1422731478615915,stable,operating
Bobcat_other_Howard,True,2017-07-31,auto,same_period,7,0.945216574503471,1.2276065056381056,0.7699670620531216,stable,operating
Bobcat_other_Howard,True,2017-07-31,rolling_only,rolling,8,0.945216574503471,0.9077468670510899,1.0412777050656261,stable,operating
Bobcat_other_Howard,True,2017-08-07,auto,same_period,7,0.9032948957048369,1.206470027773927,0.7487089400567353,stable,operating
Bobcat_other_Howard,True,2017-08-07,rolling_only,rolling,8,0.9032948957048369,0.8943363357811975,1.0100169920031417,stable,operating
Bobcat_other_Howard,True,2017-08-14,auto,same_period,7,0.8583189995933092,1.181588060633742,0.726411368047297,stable,operating
Bobcat_other_Howard,True,2017-08-14,rolling_only,rolling,8,0.8583189995933092,0.9242557351041544,0.9286596414752949,stable,operating
Bobcat_other_Howard,True,2017-08-21,auto,same_period,7,0.5904259986240091,1.090296541036593,0.5415279021821577,stable,operating
Bobcat_other_Howard,True,2017-08-21,rolling_only,rolling,8,0.5904259986240091,0.8808069476490732,0.6703239571394068,stable,operating
Bobcat_other_Howard,True,2017-08-28,auto,same_period,7,1.1237717903190496,1.066493861687321,1.053706758837888,stable,operating
Bobcat_other_Howard,True,2017-08-28,rolling_only,rolling,8,1.1237717903190496,0.8508875483261169,1.320705412283628,alert,operating
Bobcat_other_Howard,True,2017-09-04,auto,same_period,7,1.2357601435859344,0.9582283459248456,1.289630127141799,warn,operating
Bobcat_other_Howard,True,2017-09-04,rolling_only,rolling,8,1.2357601435859344,0.880806947649073,1.4029863716268962,alert,operating
Bobcat_other_Howard,True,2017-09-11,auto,same_period,7,1.1078305998612963,0.8119176081044033,1.364461847856417,alert,operating
Bobcat_other_Howard,True,2017-09-11,rolling_only,rolling,8,1.1078305998612963,0.9242557351041538,1.198619124323265,warn,operating
Bobcat_other_Howard,True,2017-09-18,auto,same_period,7,0.4392514824335901,0.8119176081044033,0.5410049961339272,stable,operating
Bobcat_other_Howard,True,2017-09-18,rolling_only,rolling,8,0.4392514824335901,0.9910557228957079,0.44321572671026693,stable,operating
Bobcat_other_Howard,True,2017-09-25,auto,same_period,7,0.8841287417627848,0.8004372002590883,1.1045572862888018,stable,operating
Bobcat_other_Howard,True,2017-09-25,rolling_only,rolling,8,0.8841287417627848,0.9242557351041539,0.956584534109656,stable,operating
Bobcat_other_Howard,True,2017-10-02,auto,same_period,7,0.7475200044678407,0.8004372002590883,0.9338896345970438,stable,operating
Bobcat_other_Howard,True,2017-10-02,rolling_only,rolling,8,0.7475200044678407,0.8937118187338111,0.8364217511713212,stable,operating
Bobcat_other_Howard,True,2017-10-09,auto,same_period,7,0.744182088046431,0.716286914863892,1.0389441334242993,stable,operating
Bobcat_other_Howard,True,2017-10-09,rolling_only,rolling,8,0.744182088046431,0.8712238706780469,0.8541800943393079,stable,operating
Bobcat_other_Howard,True,2017-10-16,auto,same_period,7,1.03770262291702,0.8119176081044033,1.278088580120538,warn,operating
Bobcat_other_Howard,True,2017-10-16,rolling_only,rolling,8,1.03770262291702,0.815824373115313,1.2719681552960242,warn,operating
Bobcat_other_Howard,True,2017-10-23,auto,same_period,7,0.8126766824133383,0.594908377917199,1.366053517784631,alert,operating
Bobcat_other_Howard,True,2017-10-23,rolling_only,rolling,8,0.8126766824133383,0.9609156823399019,0.8457315218692337,stable,operating
Bobcat_other_Howard,True,2017-10-30,auto,same_period,7,0.7887187047435523,0.7640886337148687,1.0322345732443845,stable,operating
Bobcat_other_Howard,True,2017-10-30,rolling_only,rolling,8,0.7887187047435523,0.8484027120880617,0.9296513241953023,stable,operating
Bobcat_other_Howard,True,2017-11-06,auto,same_period,7,0.6240236380016574,0.7640886337148683,0.8166901200555243,stable,operating
Bobcat_other_Howard,True,2017-11-06,rolling_only,rolling,8,0.6240236380016574,0.8006976935784454,0.7793498632583746,stable,operating
Bobcat_other_Howard,True,2017-11-13,auto,same_period,7,0.9125859853959436,0.8839513307428181,1.0323939267437527,stable,operating
Bobcat_other_Howard,True,2017-11-13,rolling_only,rolling,8,0.9125859853959436,0.7681193546056964,1.1880783629835852,warn,operating
Bobcat_other_Howard,True,2017-11-20,auto,same_period,7,1.1172616334823204,0.9177784236703336,1.217354433997504,warn,operating
Bobcat_other_Howard,True,2017-11-20,rolling_only,rolling,8,1.1172616334823204,0.8006976935784456,1.3953601246047058,alert,operating
Bobcat_other_Howard,True,2017-11-27,auto,same_period,7,0.790416407877098,0.9177784236703336,0.8612279254900156,stable,operating
Bobcat_other_Howard,True,2017-11-27,rolling_only,rolling,8,0.790416407877098,0.8006976935784454,0.9871595912117609,stable,operating
Bobcat_other_Howard,True,2017-12-04,auto,same_period,7,0.7558059029694919,0.8852209021422807,0.8538048538397617,stable,operating
Bobcat_other_Howard,True,2017-12-04,rolling_only,rolling,8,0.7558059029694919,0.8015465451452186,0.9429345152159071,stable,operating
Bobcat_other_Howard,True,2017-12-11,auto,same_period,6,0.7859659299354482,0.901499662906307,0.8718427330317635,stable,operating
Bobcat_other_Howard,True,2017-12-11,rolling_only,rolling,8,0.7859659299354482,0.8015465451452187,0.9805618085385824,stable,operating
Bobcat_other_Howard,True,2017-12-18,auto,same_period,6,0.789820770655491,0.9441492017757701,0.8365423273884933,stable,operating
Bobcat_other_Howard,True,2017-12-18,rolling_only,rolling,8,0.789820770655491,0.789567556310325,1.0003207000378147,stable,operating
Bull_assembly_Brandon,False,2017-01-09,auto,same_period,4,0.41307148033894264,0.9948693440160774,0.4152017376185905,stable,operating
Bull_assembly_Brandon,False,2017-01-09,rolling_only,rolling,8,0.41307148033894264,0.5221451985480261,0.7911046227899938,stable,operating
Bull_assembly_Brandon,False,2017-01-16,auto,same_period,5,0.45289038196128184,0.8896910721516043,0.5090422913495404,stable,operating
Bull_assembly_Brandon,False,2017-01-16,rolling_only,rolling,8,0.45289038196128184,0.46601742004477303,0.971831443377739,stable,operating
Bull_assembly_Brandon,False,2017-01-23,auto,same_period,6,0.6624296615847872,0.9948693440160776,0.6658458877732613,stable,operating
Bull_assembly_Brandon,False,2017-01-23,rolling_only,rolling,8,0.6624296615847872,0.4467187166051242,1.4828786817328277,alert,operating
Bull_assembly_Brandon,False,2017-01-30,auto,same_period,7,0.9249505415159499,1.0687046876713373,0.8654874935856961,stable,operating
Bull_assembly_Brandon,False,2017-01-30,rolling_only,rolling,8,0.9249505415159499,0.5564458109987651,1.6622472902720846,alert,operating
Bull_assembly_Brandon,False,2017-02-06,auto,same_period,7,0.46002199255846143,1.0687046876713362,0.4304481844847434,stable,operating
Bull_assembly_Brandon,False,2017-02-06,rolling_only,rolling,8,0.46002199255846143,0.5564458109987651,0.8267148093590058,stable,operating
Bull_assembly_Brandon,False,2017-02-13,auto,same_period,7,0.5669572106343442,1.068704687671337,0.5305087712020056,stable,operating
Bull_assembly_Brandon,False,2017-02-13,rolling_only,rolling,8,0.5669572106343442,0.4564561872598715,1.2420846216102703,warn,operating
Bull_assembly_Brandon,False,2017-02-20,auto,same_period,7,0.34068742811001224,1.0687046876713366,0.31878537826231124,stable,operating
Bull_assembly_Brandon,False,2017-02-20,rolling_only,rolling,8,0.34068742811001224,0.45645618725987147,0.746374871496814,stable,operating
Bull_assembly_Brandon,False,2017-02-27,auto,same_period,7,0.3773806264643474,1.0687046876713366,0.35311965112330906,stable,operating
Bull_assembly_Brandon,False,2017-02-27,rolling_only,rolling,8,0.3773806264643474,0.45645618725987136,0.8267619916158473,stable,operating
Bull_assembly_Brandon,False,2017-03-06,auto,same_period,7,0.4704546525933245,1.0687046876713364,0.4402101516167444,stable,operating
Bull_assembly_Brandon,False,2017-03-06,rolling_only,rolling,8,0.4704546525933245,0.4564561872598714,1.0306677085866367,stable,operating
Bull_assembly_Brandon,False,2017-03-13,auto,same_period,7,0.8650558100890425,0.8159031228248579,1.0602432885585802,stable,operating
Bull_assembly_Brandon,False,2017-03-13,rolling_only,rolling,8,0.8650558100890425,0.4652383225758929,1.8593821018429293,alert,operating
Bull_assembly_Brandon,False,2017-03-20,auto,same_period,7,0.7603008409919291,0.8159031228248579,0.9318518580485143,stable,operating
Bull_assembly_Brandon,False,2017-03-20,rolling_only,rolling,8,0.7603008409919291,0.5187059316138342,1.4657646937377946,alert,operating
Bull_assembly_Brandon,False,2017-03-27,auto,same_period,7,1.346762663502936,0.7125311849206066,1.8901104849930157,alert,operating
Bull_assembly_Brandon,False,2017-03-27,rolling_only,rolling,8,1.346762663502936,0.5187059316138343,2.596389556049212,alert,operating
Bull_assembly_Brandon,False,2017-04-03,auto,same_period,7,1.3911922324759276,0.7125311849206064,1.9524650456259551,alert,operating
Bull_assembly_Brandon,False,2017-04-03,rolling_only,rolling,8,1.3911922324759276,0.518705931613834,2.682044194381108,alert,operating
Bull_assembly_Brandon,False,2017-04-10,auto,same_period,7,1.6480899591220732,0.6560512222096874,2.5121361005487315,alert,operating
Bull_assembly_Brandon,False,2017-04-10,rolling_only,rolling,8,1.6480899591220732,0.6636290258131362,2.483450685573449,alert,operating
Bull_assembly_Brandon,False,2017-04-17,auto,same_period,7,0.36662121708786316,0.8159031228248579,0.4493440542530712,stable,operating
Bull_assembly_Brandon,False,2017-04-17,rolling_only,rolling,8,0.36662121708786316,0.812678325540486,0.45112710105075743,stable,operating
Bull_assembly_Brandon,False,2017-04-24,auto,same_period,7,0.5121063495304382,0.6560512222096874,0.7805889726195169,stable,operating
Bull_assembly_Brandon,False,2017-04-24,rolling_only,rolling,8,0.5121063495304382,0.8126783255404859,0.6301464348638226,stable,operating
Bull_assembly_Brandon,False,2017-05-01,auto,same_period,7,0.6640507794896101,0.8665566141564741,0.7663097466932524,stable,operating
Bull_assembly_Brandon,False,2017-05-01,rolling_only,rolling,8,0.6640507794896101,0.8126783255404859,0.8171139288696687,stable,operating
Bull_assembly_Brandon,False,2017-05-08,auto,same_period,7,0.6707854458065471,0.866556614156474,0.7740815024065161,stable,operating
Bull_assembly_Brandon,False,2017-05-08,rolling_only,rolling,8,0.6707854458065471,0.8126783255404858,0.8254009301409997,stable,operating
Bull_assembly_Brandon,False,2017-05-15,auto,same_period,7,0.7680237958691489,0.8865538814284669,0.8663024458611185,stable,operating
Bull_assembly_Brandon,False,2017-05-15,rolling_only,rolling,8,0.7680237958691489,0.7155431433992375,1.0733437989784913,stable,operating
Bull_assembly_Brandon,False,2017-05-22,auto,same_period,7,0.5893008122243748,0.9662812595193206,0.6098646811359295,stable,operating
Bull_assembly_Brandon,False,2017-05-22,rolling_only,rolling,8,0.5893008122243748,0.7194046208378475,0.819150718740243,stable,operating
Bull_assembly_Brandon,False,2017-05-29,auto,same_period,7,0.5611797924783503,1.2573372349087757,0.4463240067165162,stable,operating
Bull_assembly_Brandon,False,2017-05-29,rolling_only,rolling,8,0.5611797924783503,0.6674181126480778,0.840821940315327,stable,operating
Bull_assembly_Brandon,False,2017-06-05,auto,same_period,7,0.8946750043403601,1.4773704037867497,0.6055861157412907,stable,operating
Bull_assembly_Brandon,False,2017-06-05,rolling_only,rolling,8,0.8946750043403601,0.6266757958569922,1.4276520814353033,alert,operating
Bull_assembly_Brandon,False,2017-06-12,auto,same_period,6,0.7824092225625545,1.8928143957712975,0.4133576035297073,stable,operating
Bull_assembly_Brandon,False,2017-06-12,rolling_only,rolling,8,0.7824092225625545,0.6266757958569923,1.2485071670792607,warn,operating
Bull_assembly_Brandon,False,2017-06-19,auto,same_period,6,1.2136583667271816,1.8928143957712975,0.6411924853480584,stable,operating
Bull_assembly_Brandon,False,2017-06-19,rolling_only,rolling,8,1.2136583667271816,0.6674181126480784,1.8184378633534766,alert,operating
Bull_assembly_Brandon,False,2017-06-26,auto,same_period,6,1.1444834708836877,1.9161367861042056,0.5972869364982001,stable,operating
Bull_assembly_Brandon,False,2017-06-26,rolling_only,rolling,8,1.1444834708836877,0.7194046208378475,1.5908758961692189,alert,operating
Bull_assembly_Brandon,False,2017-07-03,auto,same_period,6,0.9058872795009822,2.090681319015319,0.4332976390335961,stable,operating
Bull_assembly_Brandon,False,2017-07-03,rolling_only,rolling,8,0.9058872795009822,0.7752165092158515,1.1685603553738904,warn,operating
Bull_assembly_Brandon,False,2017-07-10,auto,same_period,6,1.4451545595639097,1.7576017945245745,0.8222309308433651,stable,operating
Bull_assembly_Brandon,False,2017-07-10,rolling_only,rolling,8,1.4451545595639097,0.8385421134514566,1.7234132148898567,alert,operating
Bull_assembly_Brandon,False,2017-07-17,auto,same_period,6,1.0995949066929118,1.5830572616134613,0.6946021052783639,stable,operating
Bull_assembly_Brandon,False,2017-07-17,rolling_only,rolling,8,1.0995949066929118,0.9002811419206707,1.2213905806657492,warn,operating
Bull_assembly_Brandon,False,2017-07-24,auto,same_period,6,1.536765068228399,1.4730200698124594,1.0432750372668416,stable,operating
Bull_assembly_Brandon,False,2017-07-24,rolling_only,rolling,8,1.536765068228399,1.0027410930969471,1.5325641671691432,alert,operating
Bull_assembly_Brandon,False,2017-07-31,auto,same_period,7,1.3385580228983405,1.5240151844525662,0.878310161574379,stable,operating
Bull_assembly_Brandon,False,2017-07-31,rolling_only,rolling,8,1.3385580228983405,1.1220391887882994,1.192969048027513,warn,operating
Bull_assembly_Brandon,False,2017-08-07,auto,same_period,7,0.9649616145696569,1.581773492457982,0.6100504396935896,stable,operating
Bull_assembly_Brandon,False,2017-08-07,rolling_only,rolling,8,0.9649616145696569,1.1790709188054342,0.8184084597280201,stable,operating
Bull_assembly_Brandon,False,2017-08-14,auto,same_period,7,0.833742375933464,1.581773492457982,0.5270934049083589,stable,operating
Bull_assembly_Brandon,False,2017-08-14,rolling_only,rolling,8,0.833742375933464,1.1790709188054342,0.7071180898755124,stable,operating
Bull_assembly_Brandon,False,2017-08-21,auto,same_period,7,1.174718094978916,1.4220249551723523,0.8260882417752914,stable,operating
Bull_assembly_Brandon,False,2017-08-21,rolling_only,rolling,8,1.174718094978916,1.1220391887882986,1.0469492569573313,stable,operating
Bull_assembly_Brandon,False,2017-08-28,auto,same_period,7,0.8852444582205992,1.35720719260334,0.6522544700949889,stable,operating
Bull_assembly_Brandon,False,2017-08-28,rolling_only,rolling,8,0.8852444582205992,1.1371565008359128,0.7784719672005256,stable,operating
Bull_assembly_Brandon,False,2017-09-04,auto,same_period,7,0.5633805207106921,1.2775272743995023,0.4409929494268585,stable,operating
Bull_assembly_Brandon,False,2017-09-04,rolling_only,rolling,8,0.5633805207106921,1.1371565008359137,0.4954291870086097,stable,operating
Bull_assembly_Brandon,False,2017-09-11,auto,same_period,7,0.5056861112218901,1.2775272743995023,0.395831949231445,stable,operating
Bull_assembly_Brandon,False,2017-09-11,rolling_only,rolling,8,0.5056861112218901,1.0322782606312844,0.4898738358711927,stable,operating
Bull_assembly_Brandon,False,2017-09-18,auto,same_period,7,0.7985378810501974,1.273038133862076,0.6272694115043006,stable,operating
Bull_assembly_Brandon,False,2017-09-18,rolling_only,rolling,8,0.7985378810501974,0.9251030363951278,0.8631880446116359,stable,operating
Bull_assembly_Brandon,False,2017-09-25,auto,same_period,7,0.7017587536854225,1.1284069339035463,0.6219021991098534,stable,operating
Bull_assembly_Brandon,False,2017-09-25,rolling_only,rolling,8,0.7017587536854225,0.8594934170770316,0.81647949797215,stable,operating
Bull_assembly_Brandon,False,2017-10-02,auto,same_period,7,0.8883434817917825,0.7870437646181792,1.1287091286756425,stable,operating
Bull_assembly_Brandon,False,2017-10-02,rolling_only,rolling,8,0.8883434817917825,0.816140128491831,1.088469309104281,stable,operating
Bull_assembly_Brandon,False,2017-10-09,auto,same_period,7,0.5009715954781369,0.5609460692675909,0.8930833513678761,stable,operating
Bull_assembly_Brandon,False,2017-10-09,rolling_only,rolling,8,0.5009715954781369,0.8161401284918306,0.6138303680813944,stable,operating
Bull_assembly_Brandon,False,2017-10-16,auto,same_period,7,0.6765721515879511,0.5463107170867387,1.2384383656169984,warn,operating
Bull_assembly_Brandon,False,2017-10-16,rolling_only,rolling,8,0.6765721515879511,0.7501483173678097,0.9019178420101914,stable,operating
Bull_assembly_Brandon,False,2017-10-23,auto,same_period,7,0.32638884074746166,0.552802608255472,0.5904256526167193,stable,operating
Bull_assembly_Brandon,False,2017-10-23,rolling_only,rolling,8,0.32638884074746166,0.689165452636687,0.473600119534034,stable,operating
Bull_assembly_Brandon,False,2017-10-30,auto,same_period,7,0.40497277657953457,0.5463107170867394,0.7412865314799157,stable,operating
Bull_assembly_Brandon,False,2017-10-30,rolling_only,rolling,8,0.40497277657953457,0.619976336149322,0.6532068289812861,stable,operating
Bull_assembly_Brandon,False,2017-11-06,auto,same_period,7,0.2984957958398975,0.49148778884057914,0.6073310519963269,stable,operating
Bull_assembly_Brandon,False,2017-11-06,rolling_only,rolling,8,0.2984957958398975,0.5911291314049206,0.5049586968087169,stable,operating
Bull_assembly_Brandon,False,2017-11-13,auto,same_period,7,0.27380307316119806,0.4914877888405793,0.5570902866317392,stable,operating
Bull_assembly_Brandon,False,2017-11-13,rolling_only,rolling,8,0.27380307316119806,0.5887718735330443,0.4650410209274902,stable,operating
Bull_assembly_Brandon,False,2017-11-20,auto,same_period,7,0.41250170337016967,0.5463107170867391,0.7550679319817842,stable,operating
Bull_assembly_Brandon,False,2017-11-20,rolling_only,rolling,8,0.41250170337016967,0.4529721860288356,0.9106557004891033,stable,operating
Bull_assembly_Brandon,False,2017-11-27,auto,same_period,7,0.510589905475344,0.5528026082554728,0.9236387416598068,stable,operating
Bull_assembly_Brandon,False,2017-11-27,rolling_only,rolling,8,0.510589905475344,0.40873723997485245,1.2491886119962008,warn,operating
Bull_assembly_Brandon,False,2017-12-04,auto,same_period,7,0.3287136349103416,0.5528026082554727,0.594631121491434,stable,operating
Bull_assembly_Brandon,False,2017-12-04,rolling_only,rolling,8,0.3287136349103416,0.40873723997485223,0.8042174843930685,stable,operating
Bull_assembly_Brandon,False,2017-12-11,auto,same_period,7,1.0715129045510692,0.4914877888405788,2.1801414579979115,alert,operating
Bull_assembly_Brandon,False,2017-12-11,rolling_only,rolling,8,1.0715129045510692,0.3668432057449381,2.9209015943887477,alert,operating
Bull_assembly_Brandon,False,2017-12-18,auto,same_period,8,2.490500532865624,0.5502741456426078,4.525926854072397,alert,operating
Bull_assembly_Brandon,False,2017-12-18,rolling_only,rolling,8,2.490500532865624,0.3668432057449379,6.789005476626551,alert,operating
Bull_assembly_Brandon,True,2017-01-09,auto,same_period,4,0.4130714803389427,0.9948693440160783,0.4152017376185902,stable,operating
Bull_assembly_Brandon,True,2017-01-09,rolling_only,rolling,8,0.4130714803389427,0.522145198548026,0.7911046227899942,stable,operating
Bull_assembly_Brandon,True,2017-01-16,auto,same_period,5,0.45289038196128184,0.8896910721516039,0.5090422913495405,stable,operating
Bull_assembly_Brandon,True,2017-01-16,rolling_only,rolling,8,0.45289038196128184,0.4660174200447733,0.9718314433777384,stable,operating
Bull_assembly_Brandon,True,2017-01-23,auto,same_period,6,0.6624296615847872,0.9948693440160779,0.665845887773261,stable,operating
Bull_assembly_Brandon,True,2017-01-23,rolling_only,rolling,8,0.6624296615847872,0.44671871660512436,1.4828786817328272,alert,operating
Bull_assembly_Brandon,True,2017-01-30,auto,same_period,7,0.9249505415159491,1.0687046876713369,0.8654874935856958,stable,operating
Bull_assembly_Brandon,True,2017-01-30,rolling_only,rolling,8,0.9249505415159491,0.5564458109987653,1.6622472902720826,alert,operating
Bull_assembly_Brandon,True,2017-02-06,auto,same_period,7,0.4600219925584613,1.0687046876713364,0.43044818448474326,stable,operating
Bull_assembly_Brandon,True,2017-02-06,rolling_only,rolling,8,0.4600219925584613,0.5564458109987656,0.8267148093590049,stable,operating
Bull_assembly_Brandon,True,2017-02-13,auto,same_period,7,0.5669572106343443,1.0687046876713362,0.5305087712020061,stable,operating
Bull_assembly_Brandon,True,2017-02-13,rolling_only,rolling,8,0.5669572106343443,0.45645618725987147,1.2420846216102708,warn,operating
Bull_assembly_Brandon,True,2017-02-20,auto,same_period,7,0.34068742811001235,1.0687046876713366,0.31878537826231135,stable,operating
Bull_assembly_Brandon,True,2017-02-20,rolling_only,rolling,8,0.34068742811001235,0.4564561872598716,0.746374871496814,stable,operating
Bull_assembly_Brandon,True,2017-02-27,auto,same_period,7,0.3773806264643474,1.0687046876713362,0.35311965112330923,stable,operating
Bull_assembly_Brandon,True,2017-02-27,rolling_only,rolling,8,0.3773806264643474,0.45645618725987136,0.8267619916158473,stable,operating
Bull_assembly_Brandon,True,2017-03-06,auto,same_period,7,0.47045465259332414,1.0687046876713366,0.440210151616744,stable,operating
Bull_assembly_Brandon,True,2017-03-06,rolling_only,rolling,8,0.47045465259332414,0.4564561872598716,1.0306677085866358,stable,operating
Bull_assembly_Brandon,True,2017-03-13,auto,same_period,7,0.8650558100890425,0.8159031228248581,1.06024328855858,stable,operating
Bull_assembly_Brandon,True,2017-03-13,rolling_only,rolling,8,0.8650558100890425,0.46523832257589287,1.8593821018429295,alert,operating
Bull_assembly_Brandon,True,2017-03-20,auto,same_period,7,0.7603008409919291,0.8159031228248579,0.9318518580485143,stable,operating
Bull_assembly_Brandon,True,2017-03-20,rolling_only,rolling,8,0.7603008409919291,0.5187059316138338,1.4657646937377955,alert,operating
Bull_assembly_Brandon,True,2017-03-27,auto,same_period,7,1.3467626635029368,0.7125311849206073,1.8901104849930153,alert,operating
Bull_assembly_Brandon,True,2017-03-27,rolling_only,rolling,8,1.3467626635029368,0.5187059316138345,2.5963895560492123,alert,operating
Bull_assembly_Brandon,True,2017-04-03,auto,same_period,7,1.391192232475927,0.7125311849206069,1.952465045625953,alert,operating
Bull_assembly_Brandon,True,2017-04-03,rolling_only,rolling,8,1.391192232475927,0.5187059316138342,2.682044194381106,alert,operating
Bull_assembly_Brandon,True,2017-04-10,auto,same_period,7,1.648089959122074,0.6560512222096881,2.5121361005487293,alert,operating
Bull_assembly_Brandon,True,2017-04-10,rolling_only,rolling,8,1.648089959122074,0.6636290258131367,2.4834506855734486,alert,operating
Bull_assembly_Brandon,True,2017-04-17,auto,same_period,7,0.36662121708786316,0.8159031228248574,0.44934405425307145,stable,operating
Bull_assembly_Brandon,True,2017-04-17,rolling_only,rolling,8,0.36662121708786316,0.8126783255404857,0.4511271010507576,stable,operating
Bull_assembly_Brandon,True,2017-04-24,auto,same_period,7,0.512106349530438,0.6560512222096881,0.7805889726195155,stable,operating
Bull_assembly_Brandon,True,2017-04-24,rolling_only,rolling,8,0.512106349530438,0.8126783255404859,0.6301464348638223,stable,operating
Bull_assembly_Brandon,True,2017-05-01,auto,same_period,7,0.6640507794896101,0.8665566141564741,0.7663097466932524,stable,operating
Bull_assembly_Brandon,True,2017-05-01,rolling_only,rolling,8,0.6640507794896101,0.8126783255404859,0.8171139288696687,stable,operating
Bull_assembly_Brandon,True,2017-05-08,auto,same_period,7,0.670785445806546,0.8665566141564743,0.7740815024065145,stable,operating
Bull_assembly_Brandon,True,2017-05-08,rolling_only,rolling,8,0.670785445806546,0.8126783255404856,0.8254009301409985,stable,operating
Bull_assembly_Brandon,True,2017-05-15,auto,same_period,7,0.768023795869149,0.8865538814284668,0.8663024458611187,stable,operating
Bull_assembly_Brandon,True,2017-05-15,rolling_only,rolling,8,0.768023795869149,0.7155431433992379,1.0733437989784909,stable,operating
Bull_assembly_Brandon,True,2017-05-22,auto,same_period,7,0.5893008122243741,0.9662812595193202,0.6098646811359291,stable,operating
Bull_assembly_Brandon,True,2017-05-22,rolling_only,rolling,8,0.5893008122243741,0.7194046208378475,0.8191507187402421,stable,operating
Bull_assembly_Brandon,True,2017-05-29,auto,same_period,7,0.5611797924783503,1.2573372349087755,0.44632400671651623,stable,operating
Bull_assembly_Brandon,True,2017-05-29,rolling_only,rolling,8,0.5611797924783503,0.6674181126480782,0.8408219403153265,stable,operating
Bull_assembly_Brandon,True,2017-06-05,auto,same_period,7,0.8946750043403601,1.4773704037867497,0.6055861157412907,stable,operating
Bull_assembly_Brandon,True,2017-06-05,rolling_only,rolling,8,0.8946750043403601,0.6266757958569915,1.4276520814353049,alert,operating
Bull_assembly_Brandon,True,2017-06-12,auto,same_period,6,0.7824092225625542,1.8928143957712975,0.41335760352970713,stable,operating
Bull_assembly_Brandon,True,2017-06-12,rolling_only,rolling,8,0.7824092225625542,0.6266757958569923,1.2485071670792602,warn,operating
Bull_assembly_Brandon,True,2017-06-19,auto,same_period,6,1.2136583667271816,1.8928143957712966,0.6411924853480587,stable,operating
Bull_assembly_Brandon,True,2017-06-19,rolling_only,rolling,8,1.2136583667271816,0.6674181126480783,1.818437863353477,alert,operating
Bull_assembly_Brandon,True,2017-06-26,auto,same_period,6,0.9490030199177864,1.9161367861042056,0.49526893215554424,stable,operating
Bull_assembly_Brandon,True,2017-06-26,rolling_only,rolling,8,0.9490030199177864,0.7194046208378475,1.3191505759478432,alert,operating
Bull_assembly_Brandon,True,2017-07-03,auto,same_period,6,1.1231999926326892,2.0906813190153177,0.5372411292036134,stable,operating
Bull_assembly_Brandon,True,2017-07-03,rolling_only,rolling,8,1.1231999926326892,0.7752165092158514,1.4488855426580516,alert,operating
Bull_assembly_Brandon,True,2017-07-10,auto,same_period,6,2.332273089986349,1.7576017945245739,1.3269633071905356,alert,operating
Bull_assembly_Brandon,True,2017-07-10,rolling_only,rolling,8,2.332273089986349,0.8385421134514568,2.7813428241387474,alert,operating
Bull_assembly_Brandon,True,2017-07-17,auto,same_period,6,2.470655916398149,1.583057261613461,1.5606863859618334,alert,operating
Bull_assembly_Brandon,True,2017-07-17,rolling_only,rolling,8,2.470655916398149,0.9218390121290725,2.6801381628359824,alert,operating
Bull_assembly_Brandon,True,2017-07-24,auto,same_period,6,3.011884051815237,1.4730200698124607,2.04469994234274,alert,operating
Bull_assembly_Brandon,True,2017-07-24,rolling_only,rolling,8,3.011884051815237,1.0361015062752368,2.906939169158143,alert,operating
Bull_assembly_Brandon,True,2017-07-31,auto,same_period,7,2.3110150064804715,1.5240151844525673,1.5163989375280391,alert,operating
Bull_assembly_Brandon,True,2017-07-31,rolling_only,rolling,8,2.3110150064804715,1.1684291796799346,1.977881968946995,alert,operating
Bull_assembly_Brandon,True,2017-08-07,auto,same_period,7,1.7865597594492988,1.5817734924579827,1.1294662402472622,stable,operating
Bull_assembly_Brandon,True,2017-08-07,rolling_only,rolling,8,1.7865597594492988,1.7623366866038264,1.0137448610300182,stable,operating
Bull_assembly_Brandon,True,2017-08-14,auto,same_period,7,1.6171840412319305,1.5817734924579823,1.022386611574153,stable,operating
Bull_assembly_Brandon,True,2017-08-14,rolling_only,rolling,8,1.6171840412319305,2.0487873829648855,0.789337173138794,stable,operating
Bull_assembly_Brandon,True,2017-08-21,auto,same_period,7,2.1806018994788636,1.4220249551723538,1.5334484050700559,alert,operating
Bull_assembly_Brandon,True,2017-08-21,rolling_only,rolling,8,2.1806018994788636,2.0487873829648846,1.0643378212936985,stable,operating
Bull_assembly_Brandon,True,2017-08-28,auto,same_period,7,1.3443087968908638,1.3572071926033393,0.9904963694690312,stable,operating
Bull_assembly_Brandon,True,2017-08-28,rolling_only,rolling,8,1.3443087968908638,2.2458084529796682,0.5985856875314888,stable,operating
Bull_assembly_Brandon,True,2017-09-04,auto,same_period,7,0.841273803335072,1.2775272743995028,0.6585172936761837,stable,operating
Bull_assembly_Brandon,True,2017-09-04,rolling_only,rolling,8,0.841273803335072,2.2458084529796674,0.3745973091422363,stable,operating
Bull_assembly_Brandon,True,2017-09-11,auto,same_period,7,0.9030741288648114,1.2775272743995023,0.7068922495524008,stable,operating
Bull_assembly_Brandon,True,2017-09-11,rolling_only,rolling,8,0.9030741288648114,1.9835808294640815,0.4552746807443191,stable,operating
Bull_assembly_Brandon,True,2017-09-18,auto,same_period,7,1.3914097284872298,1.2730381338620758,1.0929835418724219,stable,operating
Bull_assembly_Brandon,True,2017-09-18,rolling_only,rolling,8,1.3914097284872298,1.701871900340616,0.8175760632799391,stable,operating
Bull_assembly_Brandon,True,2017-09-25,auto,same_period,7,1.253926798335189,1.128406933903548,1.11123634626865,stable,operating
Bull_assembly_Brandon,True,2017-09-25,rolling_only,rolling,8,1.253926798335189,1.5042968848595795,0.8335633816407446,stable,operating
Bull_assembly_Brandon,True,2017-10-02,auto,same_period,7,1.734959567617123,0.7870437646181792,2.204400372142976,alert,operating
Bull_assembly_Brandon,True,2017-10-02,rolling_only,rolling,8,1.734959567617123,1.3678592626890476,1.268375786121739,warn,operating
Bull_assembly_Brandon,True,2017-10-09,auto,same_period,7,0.3246610432477007,0.5609460692675905,0.5787740765731727,stable,operating
Bull_assembly_Brandon,True,2017-10-09,rolling_only,rolling,8,0.3246610432477007,1.3678592626890467,0.237349742114153,stable,operating
Bull_assembly_Brandon,True,2017-10-16,auto,same_period,7,0.8455627343648336,0.5463107170867393,1.5477688939984335,alert,operating
Bull_assembly_Brandon,True,2017-10-16,rolling_only,rolling,8,0.8455627343648336,1.2991177976130264,0.6508745672782361,stable,operating
Bull_assembly_Brandon,True,2017-10-23,auto,same_period,7,0.43639379171339626,0.5528026082554722,0.7894206452653372,stable,operating
Bull_assembly_Brandon,True,2017-10-23,rolling_only,rolling,8,0.43639379171339626,1.0785004636,0.4046301382724749,stable,operating
Bull_assembly_Brandon,True,2017-10-30,auto,same_period,7,0.7201210296212265,0.5463107170867393,1.318152851661687,alert,operating
Bull_assembly_Brandon,True,2017-10-30,rolling_only,rolling,8,0.7201210296212265,0.8743184316148225,0.823637022373186,stable,operating
Bull_assembly_Brandon,True,2017-11-06,auto,same_period,7,0.4001904822041129,0.49148778884057914,0.8142429807832321,stable,operating
Bull_assembly_Brandon,True,2017-11-06,rolling_only,rolling,8,0.4001904822041129,0.8743184316148225,0.45771708308262593,stable,operating
Bull_assembly_Brandon,True,2017-11-13,auto,same_period,7,0.6486264164755807,0.49148778884057914,1.3197203088314604,alert,operating
Bull_assembly_Brandon,True,2017-11-13,rolling_only,rolling,8,0.6486264164755807,0.7828418819930301,0.8285535449690665,stable,operating
Bull_assembly_Brandon,True,2017-11-20,auto,same_period,7,0.548330205631892,0.5463107170867387,1.0036965933158377,stable,operating
Bull_assembly_Brandon,True,2017-11-20,rolling_only,rolling,8,0.548330205631892,0.6843737230484037,0.8012145808133406,stable,operating
Bull_assembly_Brandon,True,2017-11-27,auto,same_period,7,0.6835064078829367,0.552802608255472,1.2364384640657506,warn,operating
Bull_assembly_Brandon,True,2017-11-27,rolling_only,rolling,8,0.6835064078829367,0.5984783110537366,1.1420738149716598,stable,operating
Bull_assembly_Brandon,True,2017-12-04,auto,same_period,7,0.31965918141528554,0.552802608255473,0.5782519413648601,stable,operating
Bull_assembly_Brandon,True,2017-12-04,rolling_only,rolling,8,0.31965918141528554,0.5984783110537366,0.5341199096295801,stable,operating
Bull_assembly_Brandon,True,2017-12-11,auto,same_period,7,0.6122641295529895,0.49148778884057914,1.2457361982427315,warn,operating
Bull_assembly_Brandon,True,2017-12-11,rolling_only,rolling,8,0.6122641295529895,0.5984783110537368,1.0230347837918805,stable,operating
Bull_assembly_Brandon,True,2017-12-18,auto,same_period,8,1.3231564802683031,0.5502741456426076,2.4045405199314374,alert,operating
Bull_assembly_Brandon,True,2017-12-18,rolling_only,rolling,8,1.3231564802683031,0.5802971675924411,2.280136030575274,alert,operating
Bull_education_Linnie,False,2017-01-09,auto,same_period,4,0.25408821255763636,0.5898716687281327,0.4307516804553359,stable,operating
Bull_education_Linnie,False,2017-01-09,rolling_only,rolling,8,0.25408821255763636,0.5280998792596092,0.4811366609548662,stable,operating
Bull_education_Linnie,False,2017-01-16,auto,same_period,5,0.4364883370489339,0.5371939683938964,0.8125339499882093,stable,operating
Bull_education_Linnie,False,2017-01-16,rolling_only,rolling,8,0.4364883370489339,0.5280998792596092,0.8265261065025923,stable,operating
Bull_education_Linnie,False,2017-01-23,auto,same_period,6,0.2675387774785621,0.5299749580922366,0.5048139980832825,stable,operating
Bull_education_Linnie,False,2017-01-23,rolling_only,rolling,8,0.2675387774785621,0.5006850687395065,0.5343454282591271,stable,operating
Bull_education_Linnie,False,2017-01-30,auto,same_period,7,0.5968890425201896,0.5227559477905768,1.1418120540625807,stable,operating
Bull_education_Linnie,False,2017-01-30,rolling_only,rolling,8,0.5968890425201896,0.5006850687395064,1.1921446829298912,warn,operating
Bull_education_Linnie,False,2017-02-06,auto,same_period,7,0.29337890198469485,0.380954986788979,0.7701143498804103,stable,operating
Bull_education_Linnie,False,2017-02-06,rolling_only,rolling,8,0.29337890198469485,0.5808854214751341,0.5050546822808386,stable,operating
Bull_education_Linnie,False,2017-02-13,auto,same_period,7,0.333951783189683,0.3809549867889784,0.8766174345282116,stable,operating
Bull_education_Linnie,False,2017-02-13,rolling_only,rolling,8,0.333951783189683,0.5006850687395065,0.6669896987949315,stable,operating
Bull_education_Linnie,False,2017-02-20,auto,same_period,7,0.1924897973926405,0.38095498678897877,0.5052822618627796,stable,operating
Bull_education_Linnie,False,2017-02-20,rolling_only,rolling,8,0.1924897973926405,0.3852200601193083,0.4996878857581393,stable,operating
Bull_education_Linnie,False,2017-02-27,auto,same_period,7,0.2635613445211898,0.38095498678897866,0.6918437969344226,stable,operating
Bull_education_Linnie,False,2017-02-27,rolling_only,rolling,8,0.2635613445211898,0.3136653425871888,0.8402628812838264,stable,operating
Bull_education_Linnie,False,2017-03-06,auto,same_period,7,0.30360810886052697,0.38536087897869203,0.7878539971809503,stable,operating
Bull_education_Linnie,False,2017-03-06,rolling_only,rolling,8,0.30360810886052697,0.28045883973162833,1.082540700628478,stable,operating
Bull_education_Linnie,False,2017-03-13,auto,same_period,7,0.310591696912415,0.3809549867889787,0.8152976274975504,stable,operating
Bull_education_Linnie,False,2017-03-13,rolling_only,rolling,8,0.310591696912415,0.29849350542261094,1.040530836584452,stable,operating
Bull_education_Linnie,False,2017-03-20,auto,same_period,7,0.1627524862163981,0.385360878978692,0.4223378528919052,stable,operating
Bull_education_Linnie,False,2017-03-20,rolling_only,rolling,8,0.1627524862163981,0.2984935054226111,0.5452463228168766,stable,operating
Bull_education_Linnie,False,2017-03-27,auto,same_period,7,0.23078254787491573,0.4804686844969458,0.48032797000401123,stable,operating
Bull_education_Linnie,False,2017-03-27,rolling_only,rolling,8,0.23078254787491573,0.29849350542261066,0.7731576857867345,stable,operating
Bull_education_Linnie,False,2017-04-03,auto,same_period,7,0.25433745112059675,0.4804686844969457,0.5293528159632088,stable,operating
Bull_education_Linnie,False,2017-04-03,rolling_only,rolling,8,0.25433745112059675,0.27847012325294207,0.9133383795344359,stable,operating
Bull_education_Linnie,False,2017-04-10,auto,same_period,7,0.1636474406609244,0.4804686844969453,0.34059959772875653,stable,operating
Bull_education_Linnie,False,2017-04-10,rolling_only,rolling,8,0.1636474406609244,0.25894939782089327,0.6319668708946523,stable,operating
Bull_education_Linnie,False,2017-04-17,auto,same_period,7,0.27203256917687074,0.48046868449694535,0.5661816845809443,stable,operating
Bull_education_Linnie,False,2017-04-17,rolling_only,rolling,8,0.27203256917687074,0.24255999949775622,1.1215063066463569,stable,operating
Bull_education_Linnie,False,2017-04-24,auto,same_period,7,0.33144397328400066,0.4779666042305466,0.6934458816794846,stable,operating
Bull_education_Linnie,False,2017-04-24,rolling_only,rolling,8,0.33144397328400066,0.258949397820893,1.2799565323308837,warn,operating
Bull_education_Linnie,False,2017-05-01,auto,same_period,7,0.23705834135989218,0.47796660423054665,0.49597260407245386,stable,operating
Bull_education_Linnie,False,2017-05-01,rolling_only,rolling,8,0.23705834135989218,0.26318501014873374,0.9007288873554136,stable,operating
Bull_education_Linnie,False,2017-05-08,auto,same_period,7,0.29942080901316437,0.4779666042305466,0.6264471332577435,stable,operating
Bull_education_Linnie,False,2017-05-08,rolling_only,rolling,8,0.29942080901316437,0.24569789624024432,1.2186543458247179,warn,operating
Bull_education_Linnie,False,2017-05-15,auto,same_period,7,0.5604081093191497,0.4621368048359439,1.2126454838802367,warn,operating
Bull_education_Linnie,False,2017-05-15,rolling_only,rolling,8,0.5604081093191497,0.2456978962402443,2.2808828154197163,alert,operating
Bull_education_Linnie,False,2017-05-22,auto,same_period,7,0.5637050742887812,0.42038351337920804,1.3409304988140427,alert,operating
Bull_education_Linnie,False,2017-05-22,rolling_only,rolling,8,0.5637050742887812,0.2631850101487338,2.1418585882615977,alert,operating
Bull_education_Linnie,False,2017-05-29,auto,same_period,7,0.7067436988500162,0.4621368048359439,1.529295419569334,alert,operating
Bull_education_Linnie,False,2017-05-29,rolling_only,rolling,8,0.7067436988500162,0.28572668909501764,2.47349556699966,alert,operating
Bull_education_Linnie,False,2017-06-05,auto,same_period,7,0.9131633911317223,0.4621368048359442,1.975959026799196,alert,operating
Bull_education_Linnie,False,2017-06-05,rolling_only,rolling,8,0.9131633911317223,0.31543239114858235,2.894957578093439,alert,operating
Bull_education_Linnie,False,2017-06-12,auto,same_period,6,1.2681833911873888,0.5122608567415582,2.475659372559092,alert,operating
Bull_education_Linnie,False,2017-06-12,rolling_only,rolling,8,1.2681833911873888,0.44592604130157526,2.8439321181732224,alert,operating
Bull_education_Linnie,False,2017-06-19,auto,same_period,6,1.8846923734244496,0.7703979524375211,2.446388087431083,alert,operating
Bull_education_Linnie,False,2017-06-19,rolling_only,rolling,8,1.8846923734244496,0.5620565918039656,3.353207489970678,alert,operating
Bull_education_Linnie,False,2017-06-26,auto,same_period,6,2.7455504780413493,1.1888032635105978,2.309507857451195,alert,operating
Bull_education_Linnie,False,2017-06-26,rolling_only,rolling,8,2.7455504780413493,0.6352243865693985,4.32217423652295,alert,operating
Bull_education_Linnie,False,2017-07-03,auto,same_period,6,1.8667641391052097,1.4589559993559875,1.279520520104264,warn,operating
Bull_education_Linnie,False,2017-07-03,rolling_only,rolling,8,1.8667641391052097,0.8099535449908688,2.3047792687002255,alert,operating
Bull_education_Linnie,False,2017-07-10,auto,same_period,6,1.1240366730599827,1.4589559993559869,0.77043904926273,stable,operating
Bull_education_Linnie,False,2017-07-10,rolling_only,rolling,8,1.1240366730599827,1.090673391159555,1.030589617543486,stable,operating
Bull_education_Linnie,False,2017-07-17,auto,same_period,6,2.6626260379645967,1.6771571479287837,1.5875829174700917,alert,operating
Bull_education_Linnie,False,2017-07-17,rolling_only,rolling,8,2.6626260379645967,1.1961100321236846,2.2260711526991575,alert,operating
Bull_education_Linnie,False,2017-07-24,auto,same_period,6,2.5381031267993395,1.6771571479287837,1.5133364991669307,alert,operating
Bull_education_Linnie,False,2017-07-24,rolling_only,rolling,8,2.5381031267993395,1.5674737651462975,1.619231647275736,alert,operating
Bull_education_Linnie,False,2017-07-31,auto,same_period,7,0.9553299838491082,1.518716467918651,0.6290377460371884,stable,operating
Bull_education_Linnie,False,2017-07-31,rolling_only,rolling,8,0.9553299838491082,1.8757282562648276,0.5093115064286947,stable,operating
Bull_education_Linnie,False,2017-08-07,auto,same_period,7,0.826429247620271,1.835597827938919,0.45022348307538484,stable,operating
Bull_education_Linnie,False,2017-08-07,rolling_only,rolling,8,0.826429247620271,1.8757282562648276,0.44059113832723024,stable,operating
Bull_education_Linnie,False,2017-08-14,auto,same_period,7,0.62205731675031,1.3498470360536812,0.46083541329906047,stable,operating
Bull_education_Linnie,False,2017-08-14,rolling_only,rolling,8,0.62205731675031,1.8757282562648285,0.33163509408821507,stable,operating
Bull_education_Linnie,False,2017-08-21,auto,same_period,7,0.6505002030344277,1.1280467658880275,0.576660669313951,stable,operating
Bull_education_Linnie,False,2017-08-21,rolling_only,rolling,8,0.6505002030344277,1.4954004060825945,0.4350006863636621,stable,operating
Bull_education_Linnie,False,2017-08-28,auto,same_period,7,0.24514774578442466,1.349847036053681,0.18161150058981615,stable,operating
Bull_education_Linnie,False,2017-08-28,rolling_only,rolling,8,0.24514774578442466,1.0396833284545453,0.23579078270768145,stable,operating
Bull_education_Linnie,False,2017-09-04,auto,same_period,7,0.755549629177172,1.1280467658880278,0.6697857323161454,stable,operating
Bull_education_Linnie,False,2017-09-04,rolling_only,rolling,8,0.755549629177172,0.8908796157346895,0.848093968963569,stable,operating
Bull_education_Linnie,False,2017-09-11,auto,same_period,7,0.2931789165633185,1.1280467658880278,0.2598996118148705,stable,operating
Bull_education_Linnie,False,2017-09-11,rolling_only,rolling,8,0.2931789165633185,0.7909894383987208,0.3706483327474384,stable,operating
Bull_education_Linnie,False,2017-09-18,auto,same_period,7,0.3931165546727934,1.1280467658880282,0.34849313571084234,stable,operating
Bull_education_Linnie,False,2017-09-18,rolling_only,rolling,8,0.3931165546727934,0.7030249161057999,0.559178694334686,stable,operating
Bull_education_Linnie,False,2017-09-25,auto,same_period,7,0.35933111659104733,1.0120446168832244,0.35505461972385455,stable,operating
Bull_education_Linnie,False,2017-09-25,rolling_only,rolling,8,0.35933111659104733,0.6362787598923689,0.5647385065184806,stable,operating
Bull_education_Linnie,False,2017-10-02,auto,same_period,7,0.9779043783277369,0.3265737651015712,2.994436427015466,alert,operating
Bull_education_Linnie,False,2017-10-02,rolling_only,rolling,8,0.9779043783277369,0.5075869357115514,1.9265751529969533,alert,operating
Bull_education_Linnie,False,2017-10-09,auto,same_period,7,0.39507693390682397,0.32657376510157127,1.209763233075219,warn,operating
Bull_education_Linnie,False,2017-10-09,rolling_only,rolling,8,0.39507693390682397,0.5075869357115516,0.778343385361155,stable,operating
Bull_education_Linnie,False,2017-10-16,auto,same_period,7,0.4228729346255812,0.3027791494845685,1.3966382273860418,alert,operating
Bull_education_Linnie,False,2017-10-16,rolling_only,rolling,8,0.4228729346255812,0.3940967442898087,1.0730180869360626,stable,operating
Bull_education_Linnie,False,2017-10-23,auto,same_period,7,0.22384346549065856,0.3027791494845687,0.7392961697386196,stable,operating
Bull_education_Linnie,False,2017-10-23,rolling_only,rolling,8,0.22384346549065856,0.39409674428980873,0.5679911563188398,stable,operating
Bull_education_Linnie,False,2017-10-30,auto,same_period,7,0.2990421466530738,0.30277914948456874,0.9876576612429999,stable,operating
Bull_education_Linnie,False,2017-10-30,rolling_only,rolling,8,0.2990421466530738,0.3940967442898087,0.75880390027573,stable,operating
Bull_education_Linnie,False,2017-11-06,auto,same_period,7,0.15849826975185213,0.27874890254842305,0.5686058969301897,stable,operating
Bull_education_Linnie,False,2017-11-06,rolling_only,rolling,8,0.15849826975185213,0.37622383563191997,0.42128715605068556,stable,operating
Bull_education_Linnie,False,2017-11-13,auto,same_period,7,0.19178894798633436,0.3027791494845684,0.633428518155307,stable,operating
Bull_education_Linnie,False,2017-11-13,rolling_only,rolling,8,0.19178894798633436,0.3762238356319201,0.5097735173110397,stable,operating
Bull_education_Linnie,False,2017-11-20,auto,same_period,7,0.41426143285855077,0.3875636084381979,1.068886303664938,stable,operating
Bull_education_Linnie,False,2017-11-20,rolling_only,rolling,8,0.41426143285855077,0.32918663162206063,1.258439417230541,warn,operating
Bull_education_Linnie,False,2017-11-27,auto,same_period,7,0.26063124824852996,0.3875636084381978,0.6724863804907294,stable,operating
Bull_education_Linnie,False,2017-11-27,rolling_only,rolling,8,0.26063124824852996,0.3470595402799489,0.7509698423454857,stable,operating
Bull_education_Linnie,False,2017-12-04,auto,same_period,7,0.3915561797479399,0.49131795808913964,0.7969506778681597,stable,operating
Bull_education_Linnie,False,2017-12-04,rolling_only,rolling,8,0.3915561797479399,0.27983669745080186,1.3992309919137016,alert,operating
Bull_education_Linnie,False,2017-12-11,auto,same_period,7,0.5845786921305184,0.5648818004300792,1.0348690499241482,stable,operating
Bull_education_Linnie,False,2017-12-11,rolling_only,rolling,8,0.5845786921305184,0.279836697450802,2.0889993966330773,alert,operating
Bull_education_Linnie,False,2017-12-18,auto,same_period,8,0.7068660302775186,0.6464890866748909,1.0933920538599753,stable,operating
Bull_education_Linnie,False,2017-12-18,rolling_only,rolling,8,0.7068660302775186,0.27983669745080186,2.5259947559300824,alert,operating
Bull_education_Linnie,True,2017-01-09,auto,same_period,4,0.25408821255763653,0.5898716687281327,0.4307516804553362,stable,operating
Bull_education_Linnie,True,2017-01-09,rolling_only,rolling,8,0.25408821255763653,0.5280998792596094,0.4811366609548663,stable,operating
Bull_education_Linnie,True,2017-01-16,auto,same_period,5,0.43648833704893386,0.5371939683938963,0.8125339499882094,stable,operating
Bull_education_Linnie,True,2017-01-16,rolling_only,rolling,8,0.43648833704893386,0.5280998792596092,0.8265261065025922,stable,operating
Bull_education_Linnie,True,2017-01-23,auto,same_period,6,0.2675387774785619,0.5299749580922364,0.5048139980832824,stable,operating
Bull_education_Linnie,True,2017-01-23,rolling_only,rolling,8,0.2675387774785619,0.5006850687395064,0.5343454282591269,stable,operating
Bull_education_Linnie,True,2017-01-30,auto,same_period,7,0.5968890425201894,0.5227559477905768,1.1418120540625802,stable,operating
Bull_education_Linnie,True,2017-01-30,rolling_only,rolling,8,0.5968890425201894,0.5006850687395064,1.1921446829298907,warn,operating
Bull_education_Linnie,True,2017-02-06,auto,same_period,7,0.2933789019846948,0.3809549867889791,0.7701143498804099,stable,operating
Bull_education_Linnie,True,2017-02-06,rolling_only,rolling,8,0.2933789019846948,0.580885421475134,0.5050546822808386,stable,operating
Bull_education_Linnie,True,2017-02-13,auto,same_period,7,0.333951783189683,0.3809549867889789,0.8766174345282105,stable,operating
Bull_education_Linnie,True,2017-02-13,rolling_only,rolling,8,0.333951783189683,0.5006850687395062,0.6669896987949318,stable,operating
Bull_education_Linnie,True,2017-02-20,auto,same_period,7,0.19248979739264055,0.38095498678897854,0.50528226186278,stable,operating
Bull_education_Linnie,True,2017-02-20,rolling_only,rolling,8,0.19248979739264055,0.3852200601193082,0.4996878857581396,stable,operating
Bull_education_Linnie,True,2017-02-27,auto,same_period,7,0.2635613445211896,0.380954986788979,0.6918437969344216,stable,operating
Bull_education_Linnie,True,2017-02-27,rolling_only,rolling,8,0.2635613445211896,0.3136653425871887,0.8402628812838262,stable,operating
Bull_education_Linnie,True,2017-03-06,auto,same_period,7,0.3036081088605269,0.38536087897869203,0.7878539971809502,stable,operating
Bull_education_Linnie,True,2017-03-06,rolling_only,rolling,8,0.3036081088605269,0.2804588397316283,1.0825407006284782,stable,operating
Bull_education_Linnie,True,2017-03-13,auto,same_period,7,0.31059169691241484,0.38095498678897843,0.8152976274975505,stable,operating
Bull_education_Linnie,True,2017-03-13,rolling_only,rolling,8,0.31059169691241484,0.2984935054226109,1.0405308365844517,stable,operating
Bull_education_Linnie,True,2017-03-20,auto,same_period,7,0.16275248621639815,0.38536087897869215,0.4223378528919052,stable,operating
Bull_education_Linnie,True,2017-03-20,rolling_only,rolling,8,0.16275248621639815,0.2984935054226109,0.5452463228168771,stable,operating
Bull_education_Linnie,True,2017-03-27,auto,same_period,7,0.23078254787491556,0.4804686844969458,0.4803279700040109,stable,operating
Bull_education_Linnie,True,2017-03-27,rolling_only,rolling,8,0.23078254787491556,0.2984935054226109,0.7731576857867333,stable,operating
Bull_education_Linnie,True,2017-04-03,auto,same_period,7,0.25433745112059675,0.4804686844969457,0.5293528159632088,stable,operating
Bull_education_Linnie,True,2017-04-03,rolling_only,rolling,8,0.25433745112059675,0.27847012325294207,0.9133383795344359,stable,operating
Bull_education_Linnie,True,2017-04-10,auto,same_period,7,0.1636474406609244,0.4804686844969452,0.3405995977287566,stable,operating
Bull_education_Linnie,True,2017-04-10,rolling_only,rolling,8,0.1636474406609244,0.2589493978208934,0.631966870894652,stable,operating
Bull_education_Linnie,True,2017-04-17,auto,same_period,7,0.27203256917687096,0.4804686844969452,0.566181684580945,stable,operating
Bull_education_Linnie,True,2017-04-17,rolling_only,rolling,8,0.27203256917687096,0.24255999949775628,1.1215063066463575,stable,operating
Bull_education_Linnie,True,2017-04-24,auto,same_period,7,0.3314439732840006,0.4779666042305466,0.6934458816794845,stable,operating
Bull_education_Linnie,True,2017-04-24,rolling_only,rolling,8,0.3314439732840006,0.25894939782089327,1.279956532330882,warn,operating
Bull_education_Linnie,True,2017-05-01,auto,same_period,7,0.2370583413598923,0.4779666042305466,0.4959726040724542,stable,operating
Bull_education_Linnie,True,2017-05-01,rolling_only,rolling,8,0.2370583413598923,0.26318501014873363,0.9007288873554143,stable,operating
Bull_education_Linnie,True,2017-05-08,auto,same_period,7,0.29942080901316476,0.4779666042305466,0.6264471332577443,stable,operating
Bull_education_Linnie,True,2017-05-08,rolling_only,rolling,8,0.29942080901316476,0.24569789624024446,1.2186543458247188,warn,operating
Bull_education_Linnie,True,2017-05-15,auto,same_period,7,0.5604081093191497,0.4621368048359444,1.2126454838802356,warn,operating
Bull_education_Linnie,True,2017-05-15,rolling_only,rolling,8,0.5604081093191497,0.24569789624024446,2.280882815419715,alert,operating
Bull_education_Linnie,True,2017-05-22,auto,same_period,7,0.5637050742887818,0.42038351337920793,1.3409304988140445,alert,operating
Bull_education_Linnie,True,2017-05-22,rolling_only,rolling,8,0.5637050742887818,0.2631850101487335,2.141858588261602,alert,operating
Bull_education_Linnie,True,2017-05-29,auto,same_period,7,0.7067436988500155,0.46213680483594416,1.5292954195693316,alert,operating
Bull_education_Linnie,True,2017-05-29,rolling_only,rolling,8,0.7067436988500155,0.2857266890950176,2.473495566999658,alert,operating
Bull_education_Linnie,True,2017-06-05,auto,same_period,7,0.9131633911317223,0.462136804835944,1.9759590267991969,alert,operating
Bull_education_Linnie,True,2017-06-05,rolling_only,rolling,8,0.9131633911317223,0.31543239114858257,2.894957578093437,alert,operating
Bull_education_Linnie,True,2017-06-12,auto,same_period,6,1.2681833911873859,0.5122608567415582,2.475659372559086,alert,operating
Bull_education_Linnie,True,2017-06-12,rolling_only,rolling,8,1.2681833911873859,0.44592604130157504,2.843932118173217,alert,operating
Bull_education_Linnie,True,2017-06-19,auto,same_period,6,1.8846923734244507,0.7703979524375211,2.4463880874310844,alert,operating
Bull_education_Linnie,True,2017-06-19,rolling_only,rolling,8,1.8846923734244507,0.5620565918039657,3.3532074899706794,alert,operating
Bull_education_Linnie,True,2017-06-26,auto,same_period,6,1.3144932311562405,1.1888032635105978,1.1057281482172867,stable,operating
Bull_education_Linnie,True,2017-06-26,rolling_only,rolling,8,1.3144932311562405,0.6352243865693992,2.0693368500150147,alert,operating
Bull_education_Linnie,True,2017-07-03,auto,same_period,6,1.35045008294389,1.4589559993559873,0.9256276978469576,stable,operating
Bull_education_Linnie,True,2017-07-03,rolling_only,rolling,8,1.35045008294389,0.809953544990869,1.667317948412849,alert,operating
Bull_education_Linnie,True,2017-07-10,auto,same_period,6,3.0733380064434503,1.4589559993559873,2.1065323476513917,alert,operating
Bull_education_Linnie,True,2017-07-10,rolling_only,rolling,8,3.0733380064434503,1.090673391159555,2.817835322062836,alert,operating
Bull_education_Linnie,True,2017-07-17,auto,same_period,6,7.1827561031550085,1.677157147928784,4.282697129499999,alert,operating
Bull_education_Linnie,True,2017-07-17,rolling_only,rolling,8,7.1827561031550085,1.2913383111718146,5.562257420084651,alert,operating
Bull_education_Linnie,True,2017-07-24,auto,same_period,6,6.4931481901503325,1.677157147928784,3.8715204464704382,alert,operating
Bull_education_Linnie,True,2017-07-24,rolling_only,rolling,8,6.4931481901503325,1.3324716570500663,4.8730103607047,alert,operating
Bull_education_Linnie,True,2017-07-31,auto,same_period,7,3.257801657334401,1.5187164679186493,2.1451019503325135,alert,operating
Bull_education_Linnie,True,2017-07-31,rolling_only,rolling,8,3.257801657334401,1.617571228184169,2.0140081627141075,alert,operating
Bull_education_Linnie,True,2017-08-07,auto,same_period,7,2.793015138815099,1.8355978279389185,1.5215833753470969,alert,operating
Bull_education_Linnie,True,2017-08-07,rolling_only,rolling,8,2.793015138815099,2.4790151899339468,1.1266631806679324,stable,operating
Bull_education_Linnie,True,2017-08-14,auto,same_period,7,1.6832093174868346,1.349847036053681,1.2469630058289778,warn,operating
Bull_education_Linnie,True,2017-08-14,rolling_only,rolling,8,1.6832093174868346,2.9331765726292742,0.573852025545813,stable,operating
Bull_education_Linnie,True,2017-08-21,auto,same_period,7,2.210465027669202,1.1280467658880282,1.959550875471963,alert,operating
Bull_education_Linnie,True,2017-08-21,rolling_only,rolling,8,2.210465027669202,2.933176572629275,0.753607896741027,stable,operating
Bull_education_Linnie,True,2017-08-28,auto,same_period,7,1.2799248114802864,1.349847036053681,0.9481998902795576,stable,operating
Bull_education_Linnie,True,2017-08-28,rolling_only,rolling,8,1.2799248114802864,2.933176572629275,0.43636132356429275,stable,operating
Bull_education_Linnie,True,2017-09-04,auto,same_period,7,1.3493875524630459,1.1280467658880282,1.1962159666321746,warn,operating
Bull_education_Linnie,True,2017-09-04,rolling_only,rolling,8,1.3493875524630459,2.933176572629275,0.4600430690244693,stable,operating
Bull_education_Linnie,True,2017-09-11,auto,same_period,7,1.0573016096314907,1.1280467658880282,0.937285262990985,stable,operating
Bull_education_Linnie,True,2017-09-11,rolling_only,rolling,8,1.0573016096314907,2.5017400832421517,0.4226264817491638,stable,operating
Bull_education_Linnie,True,2017-09-18,auto,same_period,7,1.947834862175874,1.1280467658880282,1.7267323670242403,alert,operating
Bull_education_Linnie,True,2017-09-18,rolling_only,rolling,8,1.947834862175874,1.9468371725780194,1.0005124668934349,stable,operating
Bull_education_Linnie,True,2017-09-25,auto,same_period,7,2.099439895441376,1.0120446168832247,2.0744538930575835,alert,operating
Bull_education_Linnie,True,2017-09-25,rolling_only,rolling,8,2.099439895441376,1.8155220898313535,1.1563835588672986,warn,operating
Bull_education_Linnie,True,2017-10-02,auto,same_period,7,4.249406908682213,0.3265737651015716,13.01208903709872,alert,operating
Bull_education_Linnie,True,2017-10-02,rolling_only,rolling,8,4.249406908682213,1.8155220898313553,2.340597744573266,alert,operating
Bull_education_Linnie,True,2017-10-09,auto,same_period,7,1.1479798133258905,0.3265737651015716,3.515223621740845,alert,operating
Bull_education_Linnie,True,2017-10-09,rolling_only,rolling,8,1.1479798133258905,1.8155220898313542,0.632313878060568,stable,operating
Bull_education_Linnie,True,2017-10-16,auto,same_period,7,1.1671171531607836,0.3027791494845685,3.854681391197537,alert,operating
Bull_education_Linnie,True,2017-10-16,rolling_only,rolling,8,1.1671171531607836,1.6486112073194592,0.7079395966611464,stable,operating
Bull_education_Linnie,True,2017-10-23,auto,same_period,7,0.5688347230247508,0.3027791494845685,1.8787116748068615,alert,operating
Bull_education_Linnie,True,2017-10-23,rolling_only,rolling,8,0.5688347230247508,1.3146561819716664,0.43268706360292336,stable,operating
Bull_education_Linnie,True,2017-10-30,auto,same_period,7,0.7068173299952344,0.3027791494845684,2.334431981853686,alert,operating
Bull_education_Linnie,True,2017-10-30,rolling_only,rolling,8,0.7068173299952344,1.258252352811915,0.5617452877522179,stable,operating
Bull_education_Linnie,True,2017-11-06,auto,same_period,7,0.4199784239226158,0.2787489025484233,1.506654986200918,alert,operating
Bull_education_Linnie,True,2017-11-06,rolling_only,rolling,8,0.4199784239226158,1.157548483243337,0.3628171346619345,stable,operating
Bull_education_Linnie,True,2017-11-13,auto,same_period,7,0.6906784883037707,0.3027791494845685,2.2811296269229127,alert,operating
Bull_education_Linnie,True,2017-11-13,rolling_only,rolling,8,0.6906784883037707,1.1575484832433363,0.5966734856483574,stable,operating
Bull_education_Linnie,True,2017-11-20,auto,same_period,7,0.3949644848059061,0.3875636084381979,1.0190959011800211,stable,operating
Bull_education_Linnie,True,2017-11-20,rolling_only,rolling,8,0.3949644848059061,0.927398571660563,0.42588429276820905,stable,operating
Bull_education_Linnie,True,2017-11-27,auto,same_period,7,0.5410423715836636,0.38756360843819787,1.3960092222382638,alert,operating
Bull_education_Linnie,True,2017-11-27,rolling_only,rolling,8,0.5410423715836636,0.6987479091495028,0.7743026698172247,stable,operating
Bull_education_Linnie,True,2017-12-04,auto,same_period,7,0.5353730943483317,0.49131795808913953,1.089667262378387,stable,operating
Bull_education_Linnie,True,2017-12-04,rolling_only,rolling,8,0.5353730943483317,0.6297566056642605,0.8501270007062902,stable,operating
Bull_education_Linnie,True,2017-12-11,auto,same_period,7,0.7850754671466776,0.5648818004300786,1.3898048521813808,alert,operating
Bull_education_Linnie,True,2017-12-11,rolling_only,rolling,8,0.7850754671466776,0.5549385473042071,1.41470703550949,alert,operating
Bull_education_Linnie,True,2017-12-18,auto,same_period,8,0.8318850824352897,0.6464890866748908,1.286773589193829,warn,operating
Bull_education_Linnie,True,2017-12-18,rolling_only,rolling,8,0.8318850824352897,0.5549385473042073,1.49905802449017,alert,operating
Cockatoo_lodging_Aimee,False,2017-01-09,auto,same_period,4,0.8852415116989442,0.9686386215989533,0.9139027620410761,stable,operating
Cockatoo_lodging_Aimee,False,2017-01-09,rolling_only,rolling,8,0.8852415116989442,1.0511693499297814,0.8421492804732926,stable,operating
Cockatoo_lodging_Aimee,False,2017-01-16,auto,same_period,5,0.7945443460609363,0.9424736478274981,0.843041445129469,stable,operating
Cockatoo_lodging_Aimee,False,2017-01-16,rolling_only,rolling,8,0.7945443460609363,1.0511693499297814,0.7558671170482779,stable,operating
Cockatoo_lodging_Aimee,False,2017-01-23,auto,same_period,6,0.8551690799933701,0.9350348198805047,0.9145852772655662,stable,operating
Cockatoo_lodging_Aimee,False,2017-01-23,rolling_only,rolling,8,0.8551690799933701,1.0511693499297818,0.8135407297125772,stable,operating
Cockatoo_lodging_Aimee,False,2017-01-30,auto,same_period,7,0.978027678541897,0.927595991933511,1.054368159249227,stable,operating
Cockatoo_lodging_Aimee,False,2017-01-30,rolling_only,rolling,8,0.978027678541897,0.9442371959201332,1.0357860109385288,stable,operating
Cockatoo_lodging_Aimee,False,2017-02-06,auto,same_period,7,0.9605968725725954,0.8608439476464309,1.1158780580369898,stable,operating
Cockatoo_lodging_Aimee,False,2017-02-06,rolling_only,rolling,8,0.9605968725725954,0.9316345951204201,1.0310875933588874,stable,operating
Cockatoo_lodging_Aimee,False,2017-02-13,auto,same_period,7,0.9605968725725956,0.8608439476464309,1.11587805803699,stable,operating
Cockatoo_lodging_Aimee,False,2017-02-13,rolling_only,rolling,8,0.9605968725725956,0.9316345951204201,1.0310875933588877,stable,operating
Cockatoo_lodging_Aimee,False,2017-02-20,auto,same_period,7,0.9605968725725959,0.8608439476464309,1.1158780580369903,stable,operating
Cockatoo_lodging_Aimee,False,2017-02-20,rolling_only,rolling,8,0.9605968725725959,0.9316345951204204,1.0310875933588877,stable,operating
Cockatoo_lodging_Aimee,False,2017-02-27,auto,same_period,7,0.7522947053825759,0.6787667478786819,1.1083258096152877,stable,operating
Cockatoo_lodging_Aimee,False,2017-02-27,rolling_only,rolling,8,0.7522947053825759,0.9229191921357702,0.8151252155041394,stable,operating
Cockatoo_lodging_Aimee,False,2017-03-06,auto,same_period,6,0.8490134084399211,0.6723653111712141,1.2627263696293287,warn,operating
Cockatoo_lodging_Aimee,False,2017-03-06,rolling_only,rolling,8,0.8490134084399211,0.8761320520840951,0.9690473101861008,stable,operating
Cockatoo_lodging_Aimee,False,2017-03-13,auto,same_period,6,1.0588750802934037,0.6508832052405044,1.6268280880010484,alert,operating
Cockatoo_lodging_Aimee,False,2017-03-13,rolling_only,rolling,8,1.0588750802934037,0.8610958362313079,1.2296831963881059,warn,operating
Cockatoo_lodging_Aimee,False,2017-03-20,auto,same_period,6,1.1038775770577987,0.6508832052405045,1.6959687516440227,alert,operating
Cockatoo_lodging_Aimee,False,2017-03-20,rolling_only,rolling,8,1.1038775770577987,0.870205295846157,1.2685254644243769,warn,operating
Cockatoo_lodging_Aimee,False,2017-03-27,auto,same_period,6,0.9472087831445812,0.613141312792897,1.5448458020712812,alert,operating
Cockatoo_lodging_Aimee,False,2017-03-27,rolling_only,rolling,8,0.9472087831445812,0.9078829762829832,1.043315942570709,stable,operating
Cockatoo_lodging_Aimee,False,2017-04-03,auto,same_period,6,1.765532170827975,0.57607085557558,3.06478301018014,alert,operating
Cockatoo_lodging_Aimee,False,2017-04-03,rolling_only,rolling,8,1.765532170827975,0.9539028278585888,1.8508511761008282,alert,operating
Cockatoo_lodging_Aimee,False,2017-04-10,auto,same_period,6,0.9988519489093723,0.6256930452309915,1.5963929222525068,alert,operating
Cockatoo_lodging_Aimee,False,2017-04-10,rolling_only,rolling,8,0.9988519489093723,0.9693122755572465,1.0304748780109525,stable,operating
Cockatoo_lodging_Aimee,False,2017-04-17,auto,same_period,6,0.6134658322454036,0.5760708555755802,1.0649138492390147,stable,operating
Cockatoo_lodging_Aimee,False,2017-04-17,rolling_only,rolling,8,0.6134658322454036,0.9797244107409839,0.6261616282291342,stable,operating
Cockatoo_lodging_Aimee,False,2017-04-24,auto,same_period,7,0.47388434977104543,0.5616616215826299,0.8437185870662681,stable,operating
Cockatoo_lodging_Aimee,False,2017-04-24,rolling_only,rolling,8,0.47388434977104543,0.9730303660269766,0.4870190759883308,stable,operating
Cockatoo_lodging_Aimee,False,2017-05-01,auto,same_period,7,0.2895585276031548,0.5820817808296337,0.49745334270804825,stable,operating
Cockatoo_lodging_Aimee,False,2017-05-01,rolling_only,rolling,8,0.2895585276031548,0.9730303660269766,0.2975842663425439,stable,operating
Cockatoo_lodging_Aimee,False,2017-05-08,auto,same_period,7,0.43818594507802544,0.5820817808296334,0.7527910329945131,stable,operating
Cockatoo_lodging_Aimee,False,2017-05-08,rolling_only,rolling,8,0.43818594507802544,0.9730303660269762,0.45033121306090584,stable,operating
Cockatoo_lodging_Aimee,False,2017-05-15,auto,same_period,7,0.4624517098765346,0.4982977698554187,0.9280629732914822,stable,operating
Cockatoo_lodging_Aimee,False,2017-05-15,rolling_only,rolling,8,0.4624517098765346,0.7803373076949922,0.5926305269737168,stable,operating
Cockatoo_lodging_Aimee,False,2017-05-22,auto,same_period,7,0.4186856393662552,0.5820817808296336,0.7192900605298246,stable,operating
Cockatoo_lodging_Aimee,False,2017-05-22,rolling_only,rolling,8,0.4186856393662552,0.5436750910082248,0.770102670309612,stable,operating
Cockatoo_lodging_Aimee,False,2017-05-29,auto,same_period,7,0.7165591867613569,0.5820817808296337,1.2310283715460983,warn,operating
Cockatoo_lodging_Aimee,False,2017-05-29,rolling_only,rolling,8,0.7165591867613569,0.46816802982379047,1.5305598441462482,alert,operating
Cockatoo_lodging_Aimee,False,2017-06-05,auto,same_period,7,1.177362332346627,0.5833635832964759,2.0182307673262323,alert,operating
Cockatoo_lodging_Aimee,False,2017-06-05,rolling_only,rolling,8,1.177362332346627,0.46816802982379013,2.514828560142743,alert,operating
Cockatoo_lodging_Aimee,False,2017-06-12,auto,same_period,6,1.4814446357848825,0.5946763746668494,2.491177889175133,alert,operating
Cockatoo_lodging_Aimee,False,2017-06-12,rolling_only,rolling,8,1.4814446357848825,0.46816802982379,3.164343871029535,alert,operating
Cockatoo_lodging_Aimee,False,2017-06-19,auto,same_period,6,2.0323048235448917,0.6706849741342493,3.030192865388528,alert,operating
Cockatoo_lodging_Aimee,False,2017-06-19,rolling_only,rolling,8,2.0323048235448917,0.46816802982379024,4.34097309957242,alert,operating
Cockatoo_lodging_Aimee,False,2017-06-26,auto,same_period,6,1.317280345990574,0.5956111429672839,2.211644898763975,alert,operating
Cockatoo_lodging_Aimee,False,2017-06-26,rolling_only,rolling,8,1.317280345990574,0.5895054483189459,2.234551605497415,alert,operating
Cockatoo_lodging_Aimee,False,2017-07-03,auto,same_period,6,1.5260039908699496,0.6706849741342491,2.2752917535386645,alert,operating
Cockatoo_lodging_Aimee,False,2017-07-03,rolling_only,rolling,8,1.5260039908699496,0.9469607595539921,1.6114754233202657,alert,operating
Cockatoo_lodging_Aimee,False,2017-07-10,auto,same_period,6,1.1639860292662665,0.8845587484972629,1.3158945420456358,alert,operating
Cockatoo_lodging_Aimee,False,2017-07-10,rolling_only,rolling,8,1.1639860292662665,1.2473213391686007,0.9331885799709951,stable,operating
Cockatoo_lodging_Aimee,False,2017-07-17,auto,same_period,5,1.0096759854773782,1.0337367147632506,0.97672450930469,stable,operating
Cockatoo_lodging_Aimee,False,2017-07-17,rolling_only,rolling,8,1.0096759854773782,1.2473213391685998,0.8094754364984859,stable,operating
Cockatoo_lodging_Aimee,False,2017-07-24,auto,same_period,4,0.48285816650859315,1.0537886892695538,0.4582115669160314,stable,operating
Cockatoo_lodging_Aimee,False,2017-07-24,rolling_only,rolling,8,0.48285816650859315,1.2473213391685998,0.38711609538440317,stable,operating
Cockatoo_lodging_Aimee,False,2017-07-31,auto,same_period,5,0.5936760690175923,1.0337367147632506,0.5743010386871649,stable,operating
Cockatoo_lodging_Aimee,False,2017-07-31,rolling_only,rolling,8,0.5936760690175923,1.2473213391686002,0.47596080526715434,stable,operating
Cockatoo_lodging_Aimee,False,2017-08-07,auto,same_period,5,0.4285616941754137,0.5852331198973447,0.7322922773929599,stable,operating
Cockatoo_lodging_Aimee,False,2017-08-07,rolling_only,rolling,8,0.4285616941754137,1.2406331876284196,0.34543787676246784,stable,operating
Cockatoo_lodging_Aimee,False,2017-08-14,auto,same_period,5,0.9585798667898855,0.5687326578177773,1.6854665432225202,alert,operating
Cockatoo_lodging_Aimee,False,2017-08-14,rolling_only,rolling,8,0.9585798667898855,1.0868310073718226,0.8819953242849831,stable,operating
Cockatoo_lodging_Aimee,False,2017-08-21,auto,same_period,5,0.4691349819020503,0.5444739551645331,0.8616297941382405,stable,operating
Cockatoo_lodging_Aimee,False,2017-08-21,rolling_only,rolling,8,0.4691349819020503,0.984127926133632,0.4767012188599836,stable,operating
Cockatoo_lodging_Aimee,False,2017-08-28,auto,same_period,5,0.48631338561981435,0.5444739551645329,0.8931802540910462,stable,operating
Cockatoo_lodging_Aimee,False,2017-08-28,rolling_only,rolling,8,0.48631338561981435,0.7761279679037391,0.626589178242486,stable,operating
Cockatoo_lodging_Aimee,False,2017-09-04,auto,same_period,6,0.6081658773235827,0.4353274476734775,1.3970308570566972,alert,operating
Cockatoo_lodging_Aimee,False,2017-09-04,rolling_only,rolling,8,0.6081658773235827,0.5399947273187032,1.1262441030551862,stable,operating
Cockatoo_lodging_Aimee,False,2017-09-11,auto,same_period,7,0.43522749065473326,0.5444739551645335,0.7993541041338016,stable,operating
Cockatoo_lodging_Aimee,False,2017-09-11,rolling_only,rolling,8,0.43522749065473326,0.5399947273187031,0.805984704361499,stable,operating
Cockatoo_lodging_Aimee,False,2017-09-18,auto,same_period,7,0.6073085977214309,0.5186145408058852,1.171021153355481,warn,operating
Cockatoo_lodging_Aimee,False,2017-09-18,rolling_only,rolling,8,0.6073085977214309,0.4845857760642036,1.253253041502744,warn,operating
Cockatoo_lodging_Aimee,False,2017-09-25,auto,same_period,7,0.31478281825938315,0.5186145408058851,0.6069687474829304,stable,operating
Cockatoo_lodging_Aimee,False,2017-09-25,rolling_only,rolling,8,0.31478281825938315,0.5399947273187033,0.5829368368509998,stable,operating
Cockatoo_lodging_Aimee,False,2017-10-02,auto,same_period,7,0.34338705668931196,0.4310838655512266,0.7965667104015206,stable,operating
Cockatoo_lodging_Aimee,False,2017-10-02,rolling_only,rolling,8,0.34338705668931196,0.4777241837609322,0.7187977254698777,stable,operating
Cockatoo_lodging_Aimee,False,2017-10-09,auto,same_period,7,0.4936983312274955,0.5186145408058851,0.9519562071289559,stable,operating
Cockatoo_lodging_Aimee,False,2017-10-09,rolling_only,rolling,8,0.4936983312274955,0.4777241837609322,1.03343801299906,stable,operating
Cockatoo_lodging_Aimee,False,2017-10-16,auto,same_period,7,0.5028048797828272,0.5186145408058852,0.9695155847375758,stable,operating
Cockatoo_lodging_Aimee,False,2017-10-16,rolling_only,rolling,8,0.5028048797828272,0.47772418376093245,1.0525003691972308,stable,operating
Cockatoo_lodging_Aimee,False,2017-10-23,auto,same_period,7,0.5180927601139821,0.5931437045051519,0.8734692051502371,stable,operating
Cockatoo_lodging_Aimee,False,2017-10-23,rolling_only,rolling,8,0.5180927601139821,0.49000585842365507,1.057319522220984,stable,operating
Cockatoo_lodging_Aimee,False,2017-10-30,auto,same_period,7,0.4138064374164538,0.6833257414119968,0.6055771242590405,stable,operating
Cockatoo_lodging_Aimee,False,2017-10-30,rolling_only,rolling,8,0.4138064374164538,0.4982516055051616,0.8305170175957757,stable,operating
Cockatoo_lodging_Aimee,False,2017-11-06,auto,same_period,7,0.633859613066285,0.7451226228234401,0.8506782557003113,stable,operating
Cockatoo_lodging_Aimee,False,2017-11-06,rolling_only,rolling,8,0.633859613066285,0.46446291094111447,1.364715240194167,alert,operating
Cockatoo_lodging_Aimee,False,2017-11-13,auto,same_period,7,0.7382413426827831,0.8416436635999494,0.8771423995816886,stable,operating
Cockatoo_lodging_Aimee,False,2017-11-13,rolling_only,rolling,8,0.7382413426827831,0.4982516055051615,1.4816637508559627,alert,operating
Cockatoo_lodging_Aimee,False,2017-11-20,auto,same_period,7,0.8015588456683258,0.8861706348681803,0.9045197551457563,stable,operating
Cockatoo_lodging_Aimee,False,2017-11-20,rolling_only,rolling,8,0.8015588456683258,0.4982516055051613,1.608743126588927,alert,operating
Cockatoo_lodging_Aimee,False,2017-11-27,auto,same_period,7,0.9517880988204133,1.0032328801413222,0.9487209975477857,stable,operating
Cockatoo_lodging_Aimee,False,2017-11-27,rolling_only,rolling,8,0.9517880988204133,0.5104488199484046,1.864610244209436,alert,operating
Cockatoo_lodging_Aimee,False,2017-12-04,auto,same_period,7,0.8309407836736626,1.0991058197182415,0.7560152705648273,stable,operating
Cockatoo_lodging_Aimee,False,2017-12-04,rolling_only,rolling,8,0.8309407836736626,0.5759761865901336,1.4426651709213156,alert,operating
Cockatoo_lodging_Aimee,False,2017-12-11,auto,same_period,7,0.9465948921876994,1.0991058197182408,0.8612409062035191,stable,operating
Cockatoo_lodging_Aimee,False,2017-12-11,rolling_only,rolling,8,0.9465948921876994,0.686050477874534,1.3797744083210364,alert,operating
Cockatoo_lodging_Aimee,False,2017-12-18,auto,same_period,8,0.7979621940387356,1.0543935354913183,0.7567973125583582,stable,operating
Cockatoo_lodging_Aimee,False,2017-12-18,rolling_only,rolling,8,0.7979621940387356,0.769900094175555,1.036449014716943,stable,operating
Cockatoo_lodging_Aimee,True,2017-01-09,auto,same_period,4,0.885241511698944,0.9686386215989526,0.9139027620410766,stable,operating
Cockatoo_lodging_Aimee,True,2017-01-09,rolling_only,rolling,8,0.885241511698944,1.0511693499297814,0.8421492804732925,stable,operating
Cockatoo_lodging_Aimee,True,2017-01-16,auto,same_period,5,0.7945443460609362,0.9424736478274983,0.8430414451294688,stable,operating
Cockatoo_lodging_Aimee,True,2017-01-16,rolling_only,rolling,8,0.7945443460609362,1.0511693499297816,0.7558671170482777,stable,operating
Cockatoo_lodging_Aimee,True,2017-01-23,auto,same_period,6,0.8551690799933704,0.9350348198805047,0.9145852772655665,stable,operating
Cockatoo_lodging_Aimee,True,2017-01-23,rolling_only,rolling,8,0.8551690799933704,1.0511693499297814,0.8135407297125778,stable,operating
Cockatoo_lodging_Aimee,True,2017-01-30,auto,same_period,7,0.9780276785418969,0.927595991933511,1.054368159249227,stable,operating
Cockatoo_lodging_Aimee,True,2017-01-30,rolling_only,rolling,8,0.9780276785418969,0.9442371959201332,1.0357860109385288,stable,operating
Cockatoo_lodging_Aimee,True,2017-02-06,auto,same_period,7,0.960596872572596,0.8608439476464309,1.1158780580369905,stable,operating
Cockatoo_lodging_Aimee,True,2017-02-06,rolling_only,rolling,8,0.960596872572596,0.93163459512042,1.031087593358888,stable,operating
Cockatoo_lodging_Aimee,True,2017-02-13,auto,same_period,7,0.9605968725725955,0.8608439476464309,1.1158780580369898,stable,operating
Cockatoo_lodging_Aimee,True,2017-02-13,rolling_only,rolling,8,0.9605968725725955,0.9316345951204201,1.0310875933588874,stable,operating
Cockatoo_lodging_Aimee,True,2017-02-20,auto,same_period,7,0.960596872572596,0.8608439476464309,1.1158780580369905,stable,operating
Cockatoo_lodging_Aimee,True,2017-02-20,rolling_only,rolling,8,0.960596872572596,0.9316345951204201,1.0310875933588879,stable,operating
Cockatoo_lodging_Aimee,True,2017-02-27,auto,same_period,7,0.7522947053825761,0.6787667478786821,1.1083258096152877,stable,operating
Cockatoo_lodging_Aimee,True,2017-02-27,rolling_only,rolling,8,0.7522947053825761,0.9229191921357703,0.8151252155041395,stable,operating
Cockatoo_lodging_Aimee,True,2017-03-06,auto,same_period,6,0.8490134084399212,0.6723653111712142,1.2627263696293287,warn,operating
Cockatoo_lodging_Aimee,True,2017-03-06,rolling_only,rolling,8,0.8490134084399212,0.8761320520840952,0.9690473101861008,stable,operating
Cockatoo_lodging_Aimee,True,2017-03-13,auto,same_period,6,1.0588750802934044,0.6508832052405045,1.6268280880010493,alert,operating
Cockatoo_lodging_Aimee,True,2017-03-13,rolling_only,rolling,8,1.0588750802934044,0.8610958362313079,1.2296831963881067,warn,operating
Cockatoo_lodging_Aimee,True,2017-03-20,auto,same_period,6,1.1038775770577993,0.6508832052405045,1.6959687516440238,alert,operating
Cockatoo_lodging_Aimee,True,2017-03-20,rolling_only,rolling,8,1.1038775770577993,0.870205295846157,1.2685254644243777,warn,operating
Cockatoo_lodging_Aimee,True,2017-03-27,auto,same_period,6,0.9472087831445811,0.6131413127928971,1.5448458020712807,alert,operating
Cockatoo_lodging_Aimee,True,2017-03-27,rolling_only,rolling,8,0.9472087831445811,0.9078829762829832,1.0433159425707088,stable,operating
Cockatoo_lodging_Aimee,True,2017-04-03,auto,same_period,6,1.765532170827975,0.5760708555755808,3.064783010180136,alert,operating
Cockatoo_lodging_Aimee,True,2017-04-03,rolling_only,rolling,8,1.765532170827975,0.9539028278585886,1.8508511761008286,alert,operating
Cockatoo_lodging_Aimee,True,2017-04-10,auto,same_period,6,0.9988519489093722,0.6256930452309916,1.5963929222525064,alert,operating
Cockatoo_lodging_Aimee,True,2017-04-10,rolling_only,rolling,8,0.9988519489093722,0.9693122755572461,1.0304748780109527,stable,operating
Cockatoo_lodging_Aimee,True,2017-04-17,auto,same_period,6,0.6134658322454034,0.5760708555755805,1.0649138492390138,stable,operating
Cockatoo_lodging_Aimee,True,2017-04-17,rolling_only,rolling,8,0.6134658322454034,0.9797244107409846,0.6261616282291336,stable,operating
Cockatoo_lodging_Aimee,True,2017-04-24,auto,same_period,7,0.4738843497710456,0.5616616215826294,0.843718587066269,stable,operating
Cockatoo_lodging_Aimee,True,2017-04-24,rolling_only,rolling,8,0.4738843497710456,0.9730303660269767,0.48701907598833094,stable,operating
Cockatoo_lodging_Aimee,True,2017-05-01,auto,same_period,7,0.28955852760315465,0.5820817808296332,0.49745334270804836,stable,operating
Cockatoo_lodging_Aimee,True,2017-05-01,rolling_only,rolling,8,0.28955852760315465,0.9730303660269769,0.29758426634254365,stable,operating
Cockatoo_lodging_Aimee,True,2017-05-08,auto,same_period,7,0.43818594507802544,0.5820817808296332,0.7527910329945132,stable,operating
Cockatoo_lodging_Aimee,True,2017-05-08,rolling_only,rolling,8,0.43818594507802544,0.973030366026977,0.4503312130609055,stable,operating
Cockatoo_lodging_Aimee,True,2017-05-15,auto,same_period,7,0.4624517098765349,0.49829776985541824,0.9280629732914837,stable,operating
Cockatoo_lodging_Aimee,True,2017-05-15,rolling_only,rolling,8,0.4624517098765349,0.7803373076949927,0.5926305269737168,stable,operating
Cockatoo_lodging_Aimee,True,2017-05-22,auto,same_period,7,0.4186856393662553,0.5820817808296332,0.7192900605298251,stable,operating
Cockatoo_lodging_Aimee,True,2017-05-22,rolling_only,rolling,8,0.4186856393662553,0.5436750910082246,0.7701026703096123,stable,operating
Cockatoo_lodging_Aimee,True,2017-05-29,auto,same_period,7,0.7165591867613565,0.5820817808296332,1.2310283715460988,warn,operating
Cockatoo_lodging_Aimee,True,2017-05-29,rolling_only,rolling,8,0.7165591867613565,0.46816802982379,1.5305598441462491,alert,operating
Cockatoo_lodging_Aimee,True,2017-06-05,auto,same_period,7,1.177362332346627,0.5833635832964756,2.018230767326233,alert,operating
Cockatoo_lodging_Aimee,True,2017-06-05,rolling_only,rolling,8,1.177362332346627,0.46816802982379024,2.5148285601427425,alert,operating
Cockatoo_lodging_Aimee,True,2017-06-12,auto,same_period,6,1.4814446357848823,0.5946763746668495,2.491177889175132,alert,operating
Cockatoo_lodging_Aimee,True,2017-06-12,rolling_only,rolling,8,1.4814446357848823,0.4681680298237899,3.1643438710295353,alert,operating
Cockatoo_lodging_Aimee,True,2017-06-19,auto,same_period,6,2.0323048235448917,0.6706849741342492,3.0301928653885284,alert,operating
Cockatoo_lodging_Aimee,True,2017-06-19,rolling_only,rolling,8,2.0323048235448917,0.46816802982379024,4.34097309957242,alert,operating
Cockatoo_lodging_Aimee,True,2017-06-26,auto,same_period,6,1.258836045610157,0.5956111429672839,2.113519970997761,alert,operating
Cockatoo_lodging_Aimee,True,2017-06-26,rolling_only,rolling,8,1.258836045610157,0.5895054483189457,2.1354103667742135,alert,operating
Cockatoo_lodging_Aimee,True,2017-07-03,auto,same_period,6,1.0142431514906134,0.6706849741342491,1.5122497008373341,alert,operating
Cockatoo_lodging_Aimee,True,2017-07-03,rolling_only,rolling,8,1.0142431514906134,0.9469607595539923,1.0710508764569193,stable,operating
Cockatoo_lodging_Aimee,True,2017-07-10,auto,same_period,6,1.102788078384022,0.8845587484972626,1.246709820300234,warn,operating
Cockatoo_lodging_Aimee,True,2017-07-10,rolling_only,rolling,8,1.102788078384022,1.0958027419186211,1.0063746294822828,stable,operating
Cockatoo_lodging_Aimee,True,2017-07-17,auto,same_period,5,1.296247134130609,1.0337367147632506,1.2539432097344818,warn,operating
Cockatoo_lodging_Aimee,True,2017-07-17,rolling_only,rolling,8,1.296247134130609,1.1400752053653243,1.1369838831950048,stable,operating
Cockatoo_lodging_Aimee,True,2017-07-24,auto,same_period,4,0.7596173846839543,1.0537886892695538,0.7208441240819278,stable,operating
Cockatoo_lodging_Aimee,True,2017-07-24,rolling_only,rolling,8,0.7596173846839543,1.2180991889783916,0.6236088091652358,stable,operating
Cockatoo_lodging_Aimee,True,2017-07-31,auto,same_period,5,1.2764669565138285,1.0337367147632506,1.2348085719352326,warn,operating
Cockatoo_lodging_Aimee,True,2017-07-31,rolling_only,rolling,8,1.2764669565138285,1.218099188978393,1.0479170892350629,stable,operating
Cockatoo_lodging_Aimee,True,2017-08-07,auto,same_period,5,0.8260086020500989,0.5852331198973446,1.411418072502439,alert,operating
Cockatoo_lodging_Aimee,True,2017-08-07,rolling_only,rolling,8,0.8260086020500989,1.2676515010619924,0.6516054304815628,stable,operating
Cockatoo_lodging_Aimee,True,2017-08-14,auto,same_period,5,1.7866872547911672,0.5687326578177773,3.141523930851223,alert,operating
Cockatoo_lodging_Aimee,True,2017-08-14,rolling_only,rolling,8,1.7866872547911672,1.1808120619970888,1.513100443578948,alert,operating
Cockatoo_lodging_Aimee,True,2017-08-21,auto,same_period,5,1.2230236226904716,0.5444739551645331,2.246248165021758,alert,operating
Cockatoo_lodging_Aimee,True,2017-08-21,rolling_only,rolling,8,1.2230236226904716,1.1808120619970897,1.0357479077762723,stable,operating
Cockatoo_lodging_Aimee,True,2017-08-28,auto,same_period,5,0.9425423417314455,0.5444739551645331,1.7311063877180703,alert,operating
Cockatoo_lodging_Aimee,True,2017-08-28,rolling_only,rolling,8,0.9425423417314455,1.162905850537247,0.8105061482801927,stable,operating
Cockatoo_lodging_Aimee,True,2017-09-04,auto,same_period,6,0.9911542997439843,0.43532744767347764,2.276801761618787,alert,operating
Cockatoo_lodging_Aimee,True,2017-09-04,rolling_only,rolling,8,0.9911542997439843,1.1629058505372467,0.8523082924435237,stable,operating
Cockatoo_lodging_Aimee,True,2017-09-11,auto,same_period,7,0.8567346981904675,0.5444739551645331,1.5735090541320258,alert,operating
Cockatoo_lodging_Aimee,True,2017-09-11,rolling_only,rolling,8,0.8567346981904675,1.107088961217228,0.7738625604653309,stable,operating
Cockatoo_lodging_Aimee,True,2017-09-18,auto,same_period,7,1.4594082896468057,0.5186145408058852,2.8140520074485433,alert,operating
Cockatoo_lodging_Aimee,True,2017-09-18,rolling_only,rolling,8,1.4594082896468057,0.9668483207377148,1.5094490607722861,alert,operating
Cockatoo_lodging_Aimee,True,2017-09-25,auto,same_period,7,0.8814493975812605,0.5186145408058852,1.6996233777239627,alert,operating
Cockatoo_lodging_Aimee,True,2017-09-25,rolling_only,rolling,8,0.8814493975812605,1.1070889612172277,0.796186601492368,stable,operating
Cockatoo_lodging_Aimee,True,2017-10-02,auto,same_period,7,0.5173415196814223,0.4310838655512267,1.2000948331014383,warn,operating
Cockatoo_lodging_Aimee,True,2017-10-02,rolling_only,rolling,8,0.5173415196814223,0.9668483207377145,0.5350803312009538,stable,operating
Cockatoo_lodging_Aimee,True,2017-10-09,auto,same_period,7,0.8290063274224714,0.518614540805885,1.5985018972554506,alert,operating
Cockatoo_lodging_Aimee,True,2017-10-09,rolling_only,rolling,8,0.8290063274224714,0.9668483207377153,0.8574316256658862,stable,operating
Cockatoo_lodging_Aimee,True,2017-10-16,auto,same_period,7,0.7611123445239142,0.518614540805885,1.467587745112598,alert,operating
Cockatoo_lodging_Aimee,True,2017-10-16,rolling_only,rolling,8,0.7611123445239142,0.9119958696563533,0.8345567889586023,stable,operating
Cockatoo_lodging_Aimee,True,2017-10-23,auto,same_period,7,0.6210746301121329,0.5931437045051514,1.0470896435296126,stable,operating
Cockatoo_lodging_Aimee,True,2017-10-23,rolling_only,rolling,8,0.6210746301121329,0.8690920478858639,0.7146246840285178,stable,operating
Cockatoo_lodging_Aimee,True,2017-10-30,auto,same_period,7,0.3664246546261804,0.6833257414119963,0.5362371595558738,stable,operating
Cockatoo_lodging_Aimee,True,2017-10-30,rolling_only,rolling,8,0.3664246546261804,0.8428705128064692,0.4347342196206535,stable,operating
Cockatoo_lodging_Aimee,True,2017-11-06,auto,same_period,7,0.6383146998550755,0.7451226228234397,0.856657253857567,stable,operating
Cockatoo_lodging_Aimee,True,2017-11-06,rolling_only,rolling,8,0.6383146998550755,0.7950593359731926,0.8028516501523075,stable,operating
Cockatoo_lodging_Aimee,True,2017-11-13,auto,same_period,7,0.7292646544333092,0.8416436635999491,0.8664767359074944,stable,operating
Cockatoo_lodging_Aimee,True,2017-11-13,rolling_only,rolling,8,0.7292646544333092,0.6997135221894947,1.0422331873069213,stable,operating
Cockatoo_lodging_Aimee,True,2017-11-20,auto,same_period,7,0.8103121106166594,0.8861706348681807,0.9143973843561117,stable,operating
Cockatoo_lodging_Aimee,True,2017-11-20,rolling_only,rolling,8,0.8103121106166594,0.6837896771441923,1.185031213107634,warn,operating
Cockatoo_lodging_Aimee,True,2017-11-27,auto,same_period,7,0.9485324460958389,1.0032328801413222,0.9454758360414006,stable,operating
Cockatoo_lodging_Aimee,True,2017-11-27,rolling_only,rolling,8,0.9485324460958389,0.6837896771441923,1.387169882495637,alert,operating
Cockatoo_lodging_Aimee,True,2017-12-04,auto,same_period,7,0.8598603765856799,1.0991058197182415,0.7823271983093559,stable,operating
Cockatoo_lodging_Aimee,True,2017-12-04,rolling_only,rolling,8,0.8598603765856799,0.7451884994786118,1.1538830472924648,warn,operating
Cockatoo_lodging_Aimee,True,2017-12-11,auto,same_period,7,0.9358711074714962,1.0991058197182408,0.8514840797689612,stable,operating
Cockatoo_lodging_Aimee,True,2017-12-11,rolling_only,rolling,8,0.9358711074714962,0.7451884994786115,1.2558850654918858,warn,operating
Cockatoo_lodging_Aimee,True,2017-12-18,auto,same_period,8,0.8039967079046039,1.054393535491318,0.7625205208887815,stable,operating
Cockatoo_lodging_Aimee,True,2017-12-18,rolling_only,rolling,8,0.8039967079046039,0.7697883825249849,1.0444386095661928,stable,operating
Eagle_education_Raul,False,2017-01-09,auto,same_period,4,0.5008393759675779,0.7658055601488307,0.6540033162859801,stable,operating
Eagle_education_Raul,False,2017-01-09,rolling_only,rolling,8,0.5008393759675779,0.5409175966801663,0.9259069755567856,stable,operating
Eagle_education_Raul,False,2017-01-16,auto,same_period,5,0.7238297935850792,0.7476153374738449,0.968184783408623,stable,operating
Eagle_education_Raul,False,2017-01-16,rolling_only,rolling,8,0.7238297935850792,0.5176112890797793,1.398404186415485,alert,operating
Eagle_education_Raul,False,2017-01-23,auto,same_period,6,0.6122567285310899,0.7658055601488309,0.799493710142429,stable,operating
Eagle_education_Raul,False,2017-01-23,rolling_only,rolling,8,0.6122567285310899,0.533864708422021,1.1468387381154626,stable,operating
Eagle_education_Raul,False,2017-01-30,auto,same_period,7,0.621342759911631,0.747615337473845,0.8310995357734597,stable,operating
Eagle_education_Raul,False,2017-01-30,rolling_only,rolling,8,0.621342759911631,0.5338647084220215,1.1638580900921023,warn,operating
Eagle_education_Raul,False,2017-02-06,auto,same_period,7,0.6966585895034626,0.7088166221811071,0.982847421607816,stable,operating
Eagle_education_Raul,False,2017-02-06,rolling_only,rolling,8,0.6966585895034626,0.5847138722767489,1.191452131605541,warn,operating
Eagle_education_Raul,False,2017-02-13,auto,same_period,7,0.3314705559928894,0.5730971103221842,0.5783846228199319,stable,operating
Eagle_education_Raul,False,2017-02-13,rolling_only,rolling,8,0.3314705559928894,0.5847138722767489,0.5668936067861962,stable,operating
Eagle_education_Raul,False,2017-02-20,auto,same_period,7,0.3481945240799022,0.5730971103221839,0.6075663579670714,stable,operating
Eagle_education_Raul,False,2017-02-20,rolling_only,rolling,8,0.3481945240799022,0.5614075646763619,0.6202170152100249,stable,operating
Eagle_education_Raul,False,2017-02-27,auto,same_period,7,0.31111006679536307,0.5730971103221845,0.5428575038887612,stable,operating
Eagle_education_Raul,False,2017-02-27,rolling_only,rolling,8,0.31111006679536307,0.5565480522493338,0.5589994710034231,stable,operating
Eagle_education_Raul,False,2017-03-06,auto,same_period,7,0.49722275251519116,0.5730971103221844,0.8676064554498659,stable,operating
Eagle_education_Raul,False,2017-03-06,rolling_only,rolling,8,0.49722275251519116,0.5565480522493337,0.8934048920046085,stable,operating
Eagle_education_Raul,False,2017-03-13,auto,same_period,7,0.22564241043516767,0.5577584204229404,0.4045522257899149,stable,operating
Eagle_education_Raul,False,2017-03-13,rolling_only,rolling,8,0.22564241043516767,0.5547397405231408,0.4067536431090699,stable,operating
Eagle_education_Raul,False,2017-03-20,auto,same_period,7,0.4929654249236064,0.5415898522437296,0.9102190945441848,stable,operating
Eagle_education_Raul,False,2017-03-20,rolling_only,rolling,8,0.4929654249236064,0.422708638297547,1.166206176691864,warn,operating
Eagle_education_Raul,False,2017-03-27,auto,same_period,7,0.5463882448367601,0.5413936741599105,1.0092253953365815,stable,operating
Eagle_education_Raul,False,2017-03-27,rolling_only,rolling,8,0.5463882448367601,0.42057997450175455,1.2991304340727252,warn,operating
Eagle_education_Raul,False,2017-04-03,auto,same_period,7,0.5777322384611675,0.5277680439236555,1.0946707461976224,stable,operating
Eagle_education_Raul,False,2017-04-03,rolling_only,rolling,8,0.5777322384611675,0.4205799745017542,1.3736560784796894,alert,operating
Eagle_education_Raul,False,2017-04-10,auto,same_period,7,0.39997916330983313,0.5413936741599099,0.7387954133939371,stable,operating
Eagle_education_Raul,False,2017-04-10,rolling_only,rolling,8,0.39997916330983313,0.42057997450175455,0.9510180882569922,stable,operating
Eagle_education_Raul,False,2017-04-17,auto,same_period,7,0.4288083697243871,0.5277680439236556,0.8124940012215223,stable,operating
Eagle_education_Raul,False,2017-04-17,rolling_only,rolling,8,0.4288083697243871,0.44647229411671957,0.9604366841457027,stable,operating
Eagle_education_Raul,False,2017-04-24,auto,same_period,7,0.4441148412735431,0.5116235079882927,0.8680501078220699,stable,operating
Eagle_education_Raul,False,2017-04-24,rolling_only,rolling,8,0.4441148412735431,0.4608868973239969,0.9636091714738784,stable,operating
Eagle_education_Raul,False,2017-05-01,auto,same_period,7,0.24979872031022254,0.5116235079882927,0.4882471512937959,stable,operating
Eagle_education_Raul,False,2017-05-01,rolling_only,rolling,8,0.24979872031022254,0.4685401330985748,0.5331426331790198,stable,operating
Eagle_education_Raul,False,2017-05-08,auto,same_period,7,0.31199548720072284,0.4951061401077758,0.6301587920780117,stable,operating
Eagle_education_Raul,False,2017-05-08,rolling_only,rolling,8,0.31199548720072284,0.4364616054989652,0.7148291700115248,stable,operating
Eagle_education_Raul,False,2017-05-15,auto,same_period,7,0.3537312693521477,0.4570617187365299,0.7739245157743209,stable,operating
Eagle_education_Raul,False,2017-05-15,rolling_only,rolling,8,0.3537312693521477,0.43646160549896507,0.8104522021994589,stable,operating
Eagle_education_Raul,False,2017-05-22,auto,same_period,7,0.3626841664318231,0.4161575426353724,0.8715068916811597,stable,operating
Eagle_education_Raul,False,2017-05-22,rolling_only,rolling,8,0.3626841664318231,0.4143937665171099,0.8752162694919501,stable,operating
Eagle_education_Raul,False,2017-05-29,auto,same_period,7,0.6066353490177492,0.4161575426353723,1.4577060052213668,alert,operating
Eagle_education_Raul,False,2017-05-29,rolling_only,rolling,8,0.6066353490177492,0.3813316648708277,1.5908339246446812,alert,operating
Eagle_education_Raul,False,2017-06-05,auto,same_period,7,0.4331284894339152,0.45706171873652995,0.9476367669364782,stable,operating
Eagle_education_Raul,False,2017-06-05,rolling_only,rolling,8,0.4331284894339152,0.3813316648708278,1.1358314279529684,stable,operating
Eagle_education_Raul,False,2017-06-12,auto,same_period,6,0.34090487649983164,0.4366096306859511,0.7808001760388128,stable,operating
Eagle_education_Raul,False,2017-06-12,rolling_only,rolling,8,0.34090487649983164,0.3957462680781051,0.8614228458941529,stable,operating
Eagle_education_Raul,False,2017-06-19,auto,same_period,5,0.45288698497812224,0.4570617187365299,0.9908661487338122,stable,operating
Eagle_education_Raul,False,2017-06-19,rolling_only,rolling,8,0.45288698497812224,0.3582077178919854,1.2643138669465703,warn,operating
Eagle_education_Raul,False,2017-06-26,auto,same_period,4,0.30158789289002835,0.43733026056086255,0.689611307717996,stable,operating
Eagle_education_Raul,False,2017-06-26,rolling_only,rolling,8,0.30158789289002835,0.35820771789198536,0.8419357758812158,stable,operating
Eagle_education_Raul,False,2017-07-03,auto,same_period,3,0.29611428306264437,0.45850297848635296,0.6458284830345067,stable,operating
Eagle_education_Raul,False,2017-07-03,rolling_only,rolling,8,0.29611428306264437,0.3582077178919851,0.8266552289974262,stable,operating
Eagle_education_Raul,False,2017-07-10,auto,rolling,8,0.9417888879064802,0.3582077178919852,2.6291697271315337,alert,operating
Eagle_education_Raul,False,2017-07-10,rolling_only,rolling,8,0.9417888879064802,0.3582077178919852,2.6291697271315337,alert,operating
Eagle_education_Raul,False,2017-07-17,auto,rolling,8,0.6913278238213965,0.39790632793286906,1.7374134948113482,alert,operating
Eagle_education_Raul,False,2017-07-17,rolling_only,rolling,8,0.6913278238213965,0.39790632793286906,1.7374134948113482,alert,operating
Eagle_education_Raul,False,2017-07-24,auto,rolling,8,0.3864663188751178,0.44300773720601894,0.8723692306425637,stable,operating
Eagle_education_Raul,False,2017-07-24,rolling_only,rolling,8,0.3864663188751178,0.44300773720601894,0.8723692306425637,stable,operating
Eagle_education_Raul,False,2017-07-31,auto,same_period,3,0.4613981401780592,0.7381280455833119,0.6250922762505731,stable,operating
Eagle_education_Raul,False,2017-07-31,rolling_only,rolling,8,0.4613981401780592,0.4097974041545164,1.125917674198069,stable,operating
Eagle_education_Raul,False,2017-08-07,auto,same_period,4,0.4849524972092218,0.5843845858425598,0.8298516233278503,stable,operating
Eagle_education_Raul,False,2017-08-07,rolling_only,rolling,8,0.4849524972092218,0.41967665192661996,1.1555384246012697,warn,operating
Eagle_education_Raul,False,2017-08-14,auto,same_period,5,0.3271212486390865,0.5227306061548718,0.6257931806314949,stable,operating
Eagle_education_Raul,False,2017-08-14,rolling_only,rolling,8,0.3271212486390865,0.45714256257809116,0.7155781924882704,stable,operating
Eagle_education_Raul,False,2017-08-21,auto,same_period,6,0.23669478642003236,0.4766858661283399,0.49654248896128617,stable,operating
Eagle_education_Raul,False,2017-08-21,rolling_only,rolling,8,0.23669478642003236,0.4239322295265888,0.5583316623139335,stable,operating
Eagle_education_Raul,False,2017-08-28,auto,same_period,7,0.2393577927270105,0.5227306061548719,0.4578989443294522,stable,operating
Eagle_education_Raul,False,2017-08-28,rolling_only,rolling,8,0.2393577927270105,0.4239322295265889,0.564613341604871,stable,operating
Eagle_education_Raul,False,2017-09-04,auto,same_period,7,0.42918763232254115,0.4306411261018073,0.9966248142799938,stable,operating
Eagle_education_Raul,False,2017-09-04,rolling_only,rolling,8,0.42918763232254115,0.42393222952658827,1.0123967993700824,stable,operating
Eagle_education_Raul,False,2017-09-11,auto,same_period,7,0.2752329770005198,0.4173061645180654,0.6595468756575361,stable,operating
Eagle_education_Raul,False,2017-09-11,rolling_only,rolling,8,0.2752329770005198,0.4078269755988294,0.6748768312747917,stable,operating
Eagle_education_Raul,False,2017-09-18,auto,same_period,7,0.4328485292967752,0.3743610780360971,1.1562327247466644,warn,operating
Eagle_education_Raul,False,2017-09-18,rolling_only,rolling,8,0.4328485292967752,0.35679378375710236,1.2131616328591905,warn,operating
Eagle_education_Raul,False,2017-09-25,auto,same_period,7,0.45802346269991767,0.37216451219853897,1.2307016055726867,warn,operating
Eagle_education_Raul,False,2017-09-25,rolling_only,rolling,8,0.45802346269991767,0.37815444048081404,1.2112074159900177,warn,operating
Eagle_education_Raul,False,2017-10-02,auto,same_period,7,0.251968222532039,0.30963133950826505,0.8137684736054089,stable,operating
Eagle_education_Raul,False,2017-10-02,rolling_only,rolling,8,0.251968222532039,0.37815444048081404,0.666310363066655,stable,operating
Eagle_education_Raul,False,2017-10-09,auto,same_period,7,0.2794634656667108,0.37216451219853924,0.7509137935151242,stable,operating
Eagle_education_Raul,False,2017-10-09,rolling_only,rolling,8,0.2794634656667108,0.3011771128198032,0.9279040596750663,stable,operating
Eagle_education_Raul,False,2017-10-16,auto,same_period,7,0.13612754840100913,0.2973355277971394,0.45782469861416536,stable,operating
Eagle_education_Raul,False,2017-10-16,rolling_only,rolling,8,0.13612754840100913,0.27734822133361536,0.49081817704273156,stable,operating
Eagle_education_Raul,False,2017-10-23,auto,same_period,7,0.7495316373653428,0.2973355277971395,2.5208277090813014,alert,operating
Eagle_education_Raul,False,2017-10-23,rolling_only,rolling,8,0.7495316373653428,0.27734822133361525,2.702493038395043,alert,operating
Eagle_education_Raul,False,2017-10-30,auto,same_period,7,0.5342652066909357,0.2973355277971392,1.7968428147457869,alert,operating
Eagle_education_Raul,False,2017-10-30,rolling_only,rolling,8,0.5342652066909357,0.354325548994626,1.507837095594365,alert,operating
Eagle_education_Raul,False,2017-11-06,auto,same_period,7,0.26453464613731437,0.5023863994802659,0.5265561456500087,stable,operating
Eagle_education_Raul,False,2017-11-06,rolling_only,rolling,8,0.26453464613731437,0.3561559974817431,0.7427493795071489,stable,operating
Eagle_education_Raul,False,2017-11-13,auto,same_period,7,0.38010454470664473,0.5023863994802656,0.7565979992688391,stable,operating
Eagle_education_Raul,False,2017-11-13,rolling_only,rolling,8,0.38010454470664473,0.3561559974817431,1.067241735066189,stable,operating
Eagle_education_Raul,False,2017-11-20,auto,same_period,7,0.5337951878715981,0.5246641773379243,1.017403533399218,stable,operating
Eagle_education_Raul,False,2017-11-20,rolling_only,rolling,8,0.5337951878715981,0.3297840051866777,1.6186206106916485,alert,operating
Eagle_education_Raul,False,2017-11-27,auto,same_period,7,0.525969830640693,0.5571710160224081,0.9440007026846847,stable,operating
Eagle_education_Raul,False,2017-11-27,rolling_only,rolling,8,0.525969830640693,0.32978400518667755,1.5948918757990174,alert,operating
Eagle_education_Raul,False,2017-12-04,auto,same_period,7,0.43862979854453255,0.5571710160224083,0.7872444652197984,stable,operating
Eagle_education_Raul,False,2017-12-04,rolling_only,rolling,8,0.43862979854453255,0.45303718767366896,0.968198219658042,stable,operating
Eagle_education_Raul,False,2017-12-11,auto,same_period,7,0.4954396288134687,0.5246641773379241,0.9442985631823829,stable,operating
Eagle_education_Raul,False,2017-12-11,rolling_only,rolling,8,0.4954396288134687,0.4822998145926124,1.0272440789386477,stable,operating
Eagle_education_Raul,False,2017-12-18,auto,same_period,8,0.5189103604873683,0.5338647084220212,0.9719885062662141,stable,operating
Eagle_education_Raul,False,2017-12-18,rolling_only,rolling,8,0.5189103604873683,0.510704729727081,1.0160672699559143,stable,operating
Eagle_education_Raul,True,2017-01-09,auto,same_period,4,0.5008393759675777,0.7658055601488307,0.6540033162859797,stable,operating
Eagle_education_Raul,True,2017-01-09,rolling_only,rolling,8,0.5008393759675777,0.5409175966801663,0.9259069755567851,stable,operating
Eagle_education_Raul,True,2017-01-16,auto,same_period,5,0.7238297935850797,0.747615337473845,0.9681847834086237,stable,operating
Eagle_education_Raul,True,2017-01-16,rolling_only,rolling,8,0.7238297935850797,0.5176112890797793,1.3984041864154861,alert,operating
Eagle_education_Raul,True,2017-01-23,auto,same_period,6,0.6122567285310898,0.7658055601488309,0.7994937101424289,stable,operating
Eagle_education_Raul,True,2017-01-23,rolling_only,rolling,8,0.6122567285310898,0.5338647084220214,1.1468387381154614,stable,operating
Eagle_education_Raul,True,2017-01-30,auto,same_period,7,0.6213427599116312,0.7476153374738457,0.8310995357734593,stable,operating
Eagle_education_Raul,True,2017-01-30,rolling_only,rolling,8,0.6213427599116312,0.5338647084220214,1.163858090092103,warn,operating
Eagle_education_Raul,True,2017-02-06,auto,same_period,7,0.6966585895034627,0.7088166221811077,0.9828474216078152,stable,operating
Eagle_education_Raul,True,2017-02-06,rolling_only,rolling,8,0.6966585895034627,0.5847138722767489,1.1914521316055413,warn,operating
Eagle_education_Raul,True,2017-02-13,auto,same_period,7,0.3314705559928892,0.5730971103221844,0.5783846228199314,stable,operating
Eagle_education_Raul,True,2017-02-13,rolling_only,rolling,8,0.3314705559928892,0.5847138722767489,0.5668936067861958,stable,operating
Eagle_education_Raul,True,2017-02-20,auto,same_period,7,0.34819452407990226,0.5730971103221844,0.607566357967071,stable,operating
Eagle_education_Raul,True,2017-02-20,rolling_only,rolling,8,0.34819452407990226,0.561407564676362,0.6202170152100249,stable,operating
Eagle_education_Raul,True,2017-02-27,auto,same_period,7,0.31111006679536285,0.5730971103221844,0.542857503888761,stable,operating
Eagle_education_Raul,True,2017-02-27,rolling_only,rolling,8,0.31111006679536285,0.5565480522493336,0.558999471003423,stable,operating
Eagle_education_Raul,True,2017-03-06,auto,same_period,7,0.49722275251519116,0.5730971103221845,0.8676064554498658,stable,operating
Eagle_education_Raul,True,2017-03-06,rolling_only,rolling,8,0.49722275251519116,0.5565480522493337,0.8934048920046085,stable,operating
Eagle_education_Raul,True,2017-03-13,auto,same_period,7,0.2256424104351678,0.5577584204229404,0.4045522257899151,stable,operating
Eagle_education_Raul,True,2017-03-13,rolling_only,rolling,8,0.2256424104351678,0.5547397405231406,0.40675364310907036,stable,operating
Eagle_education_Raul,True,2017-03-20,auto,same_period,7,0.49296542492360595,0.5415898522437296,0.910219094544184,stable,operating
Eagle_education_Raul,True,2017-03-20,rolling_only,rolling,8,0.49296542492360595,0.42270863829754673,1.1662061766918639,warn,operating
Eagle_education_Raul,True,2017-03-27,auto,same_period,7,0.5463882448367601,0.5413936741599105,1.0092253953365815,stable,operating
Eagle_education_Raul,True,2017-03-27,rolling_only,rolling,8,0.5463882448367601,0.42057997450175433,1.2991304340727259,warn,operating
Eagle_education_Raul,True,2017-04-03,auto,same_period,7,0.5777322384611674,0.5277680439236555,1.0946707461976222,stable,operating
Eagle_education_Raul,True,2017-04-03,rolling_only,rolling,8,0.5777322384611674,0.4205799745017542,1.3736560784796892,alert,operating
Eagle_education_Raul,True,2017-04-10,auto,same_period,7,0.399979163309833,0.5413936741599105,0.7387954133939362,stable,operating
Eagle_education_Raul,True,2017-04-10,rolling_only,rolling,8,0.399979163309833,0.4205799745017542,0.9510180882569926,stable,operating
Eagle_education_Raul,True,2017-04-17,auto,same_period,7,0.4288083697243871,0.5277680439236557,0.8124940012215222,stable,operating
Eagle_education_Raul,True,2017-04-17,rolling_only,rolling,8,0.4288083697243871,0.4464722941167197,0.9604366841457025,stable,operating
Eagle_education_Raul,True,2017-04-24,auto,same_period,7,0.4441148412735434,0.5116235079882927,0.8680501078220705,stable,operating
Eagle_education_Raul,True,2017-04-24,rolling_only,rolling,8,0.4441148412735434,0.4608868973239968,0.9636091714738793,stable,operating
Eagle_education_Raul,True,2017-05-01,auto,same_period,7,0.24979872031022293,0.5116235079882927,0.48824715129379664,stable,operating
Eagle_education_Raul,True,2017-05-01,rolling_only,rolling,8,0.24979872031022293,0.4685401330985749,0.5331426331790204,stable,operating
Eagle_education_Raul,True,2017-05-08,auto,same_period,7,0.31199548720072295,0.4951061401077755,0.6301587920780124,stable,operating
Eagle_education_Raul,True,2017-05-08,rolling_only,rolling,8,0.31199548720072295,0.4364616054989649,0.7148291700115255,stable,operating
Eagle_education_Raul,True,2017-05-15,auto,same_period,7,0.353731269352148,0.4570617187365294,0.7739245157743223,stable,operating
Eagle_education_Raul,True,2017-05-15,rolling_only,rolling,8,0.353731269352148,0.43646160549896507,0.8104522021994596,stable,operating
Eagle_education_Raul,True,2017-05-22,auto,same_period,7,0.36268416643182305,0.41615754263537225,0.8715068916811599,stable,operating
Eagle_education_Raul,True,2017-05-22,rolling_only,rolling,8,0.36268416643182305,0.41439376651711,0.8752162694919497,stable,operating
Eagle_education_Raul,True,2017-05-29,auto,same_period,7,0.6066353490177492,0.4161575426353723,1.4577060052213668,alert,operating
Eagle_education_Raul,True,2017-05-29,rolling_only,rolling,8,0.6066353490177492,0.381331664870828,1.59083392464468,alert,operating
Eagle_education_Raul,True,2017-06-05,auto,same_period,7,0.43312848943391496,0.45706171873652995,0.9476367669364777,stable,operating
Eagle_education_Raul,True,2017-06-05,rolling_only,rolling,8,0.43312848943391496,0.38133166487082804,1.1358314279529673,stable,operating
Eagle_education_Raul,True,2017-06-12,auto,same_period,6,0.3409048764998316,0.43660963068595116,0.7808001760388126,stable,operating
Eagle_education_Raul,True,2017-06-12,rolling_only,rolling,8,0.3409048764998316,0.3957462680781052,0.8614228458941525,stable,operating
Eagle_education_Raul,True,2017-06-19,auto,same_period,5,0.4528869849781229,0.45706171873652995,0.9908661487338135,stable,operating
Eagle_education_Raul,True,2017-06-19,rolling_only,rolling,8,0.4528869849781229,0.35820771789198547,1.2643138669465719,warn,operating
Eagle_education_Raul,True,2017-06-26,auto,same_period,4,0.47697119596960247,0.43733026056086255,1.0906430196664225,stable,operating
Eagle_education_Raul,True,2017-06-26,rolling_only,rolling,8,0.47697119596960247,0.3582077178919852,1.3315491882099244,alert,operating
Eagle_education_Raul,True,2017-07-03,auto,same_period,3,0.6721866148016747,0.45850297848635296,1.466046342862922,alert,operating
Eagle_education_Raul,True,2017-07-03,rolling_only,rolling,8,0.6721866148016747,0.3979063279328691,1.6893086830101367,alert,operating
Eagle_education_Raul,True,2017-07-10,auto,rolling,8,2.4821071007823012,0.44300773720601894,5.6028527096085625,alert,operating
Eagle_education_Raul,True,2017-07-10,rolling_only,rolling,8,2.4821071007823012,0.44300773720601894,5.6028527096085625,alert,operating
Eagle_education_Raul,True,2017-07-17,auto,rolling,8,2.585766882891476,0.46492909047386277,5.561637109555832,alert,operating
Eagle_education_Raul,True,2017-07-17,rolling_only,rolling,8,2.585766882891476,0.46492909047386277,5.561637109555832,alert,operating
Eagle_education_Raul,True,2017-07-24,auto,rolling,8,1.1870018321086413,0.541803272493676,2.1908354791683102,alert,operating
Eagle_education_Raul,True,2017-07-24,rolling_only,rolling,8,1.1870018321086413,0.541803272493676,2.1908354791683102,alert,operating
Eagle_education_Raul,True,2017-07-31,auto,same_period,3,0.733800214261933,0.7381280455833122,0.9941367472117129,stable,operating
Eagle_education_Raul,True,2017-07-31,rolling_only,rolling,8,0.733800214261933,0.5745789053856387,1.277109562122595,warn,operating
Eagle_education_Raul,True,2017-08-07,auto,same_period,4,0.860199018311497,0.5843845858425599,1.471974174457854,alert,operating
Eagle_education_Raul,True,2017-08-07,rolling_only,rolling,8,0.860199018311497,0.7029934145318035,1.2236231528347858,warn,operating
Eagle_education_Raul,True,2017-08-14,auto,same_period,5,1.1874977555125052,0.522730606154872,2.2717203498902823,alert,operating
Eagle_education_Raul,True,2017-08-14,rolling_only,rolling,8,1.1874977555125052,0.7969996162867152,1.4899602600126107,alert,operating
Eagle_education_Raul,True,2017-08-21,auto,same_period,6,0.8288409190393554,0.4766858661283398,1.738757068195103,alert,operating
Eagle_education_Raul,True,2017-08-21,rolling_only,rolling,8,0.8288409190393554,1.0236004252100688,0.8097309249058354,stable,operating
Eagle_education_Raul,True,2017-08-28,auto,same_period,7,0.3207448697585375,0.522730606154872,0.6135949683870411,stable,operating
Eagle_education_Raul,True,2017-08-28,rolling_only,rolling,8,0.3207448697585375,1.0236004252100688,0.3133496839772341,stable,operating
Eagle_education_Raul,True,2017-09-04,auto,same_period,7,0.5221472169474765,0.4306411261018076,1.212488044683489,warn,operating
Eagle_education_Raul,True,2017-09-04,rolling_only,rolling,8,0.5221472169474765,1.0236004252100686,0.510108440840398,stable,operating
Eagle_education_Raul,True,2017-09-11,auto,same_period,7,0.39706407009577604,0.4173061645180654,0.9514934210337718,stable,operating
Eagle_education_Raul,True,2017-09-11,rolling_only,rolling,8,0.39706407009577604,0.844519968675427,0.4701654014392868,stable,operating
Eagle_education_Raul,True,2017-09-18,auto,same_period,7,0.6815281649945146,0.3743610780360971,1.820510210542773,alert,operating
Eagle_education_Raul,True,2017-09-18,rolling_only,rolling,8,0.6815281649945146,0.7813205666506445,0.8722772624763754,stable,operating
Eagle_education_Raul,True,2017-09-25,auto,same_period,7,0.7301366919755835,0.3721645121985391,1.9618654332793466,alert,operating
Eagle_education_Raul,True,2017-09-25,rolling_only,rolling,8,0.7301366919755835,0.7076641896282233,1.0317558846084416,stable,operating
Eagle_education_Raul,True,2017-10-02,auto,same_period,7,0.32535627181881477,0.3096313395082652,1.0507859841821012,stable,operating
Eagle_education_Raul,True,2017-10-02,rolling_only,rolling,8,0.32535627181881477,0.705832428485049,0.4609539866525224,stable,operating
Eagle_education_Raul,True,2017-10-09,auto,same_period,7,0.5753974092341273,0.3721645121985391,1.5460834936544656,alert,operating
Eagle_education_Raul,True,2017-10-09,rolling_only,rolling,8,0.5753974092341273,0.6018376909709955,0.956067421277305,stable,operating
Eagle_education_Raul,True,2017-10-16,auto,same_period,7,0.18430099808936842,0.29733552779713934,0.6198418313976591,stable,operating
Eagle_education_Raul,True,2017-10-16,rolling_only,rolling,8,0.18430099808936842,0.5487723130908018,0.3358423770531465,stable,operating
Eagle_education_Raul,True,2017-10-23,auto,same_period,7,0.5564307011201911,0.29733552779713934,1.8713898915565264,alert,operating
Eagle_education_Raul,True,2017-10-23,rolling_only,rolling,8,0.5564307011201911,0.45960564352162636,1.210669862225068,warn,operating
Eagle_education_Raul,True,2017-10-30,auto,same_period,7,0.4998732018607319,0.29733552779713934,1.6811754907465222,alert,operating
Eagle_education_Raul,True,2017-10-30,rolling_only,rolling,8,0.4998732018607319,0.5392889590338339,0.9269116185064914,stable,operating
Eagle_education_Raul,True,2017-11-06,auto,same_period,7,0.32984557467264697,0.502386399480266,0.6565575322378995,stable,operating
Eagle_education_Raul,True,2017-11-06,rolling_only,rolling,8,0.32984557467264697,0.5281519514904613,0.6245277968618925,stable,operating
Eagle_education_Raul,True,2017-11-13,auto,same_period,7,0.5148415862302113,0.5023863994802661,1.0247920460482816,stable,operating
Eagle_education_Raul,True,2017-11-13,rolling_only,rolling,8,0.5148415862302113,0.5281519514904615,0.9747982276261823,stable,operating
Eagle_education_Raul,True,2017-11-20,auto,same_period,7,0.7777624542454644,0.5246641773379243,1.482400529404784,alert,operating
Eagle_education_Raul,True,2017-11-20,rolling_only,rolling,8,0.7777624542454644,0.5073573940454718,1.532967614887579,alert,operating
Eagle_education_Raul,True,2017-11-27,auto,same_period,7,0.8951778765669326,0.5571710160224083,1.6066483195007588,alert,operating
Eagle_education_Raul,True,2017-11-27,rolling_only,rolling,8,0.8951778765669326,0.5073573940454716,1.7643930828111727,alert,operating
Eagle_education_Raul,True,2017-12-04,auto,same_period,7,0.4929753922321779,0.5571710160224079,0.8847829087583977,stable,operating
Eagle_education_Raul,True,2017-12-04,rolling_only,rolling,8,0.4929753922321779,0.5356361436752011,0.9203549798743758,stable,operating
Eagle_education_Raul,True,2017-12-11,auto,same_period,7,0.5551319431345997,0.5246641773379244,1.0580709854277925,stable,operating
Eagle_education_Raul,True,2017-12-11,rolling_only,rolling,8,0.5551319431345997,0.5073573940454715,1.0941635021975187,stable,operating
Eagle_education_Raul,True,2017-12-18,auto,same_period,8,0.9021904516758235,0.5338647084220214,1.6899233784201364,alert,operating
Eagle_education_Raul,True,2017-12-18,rolling_only,rolling,8,0.9021904516758235,0.5349867646824056,1.6863790120329576,alert,operating
